日付,コード,エラー種別
2026-07-12,165A,取得失敗(理由不明・一括ダウンロードから欠落)
2026-07-12,1712,取得失敗(理由不明・一括ダウンロードから欠落)
2026-07-12,1726,取得失敗(理由不明・一括ダウンロードから欠落)
2026-07-12,1743,取得失敗(理由不明・一括ダウンロードから欠落)
2026-07-12,176A,取得失敗(理由不明・一括ダウンロードから欠落)
2026-07-12,1776,取得失敗(理由不明・一括ダウンロードから欠落)
2026-07-12,1821,取得失敗(理由不明・一括ダウンロードから欠落)
2026-07-12,1841,取得失敗(理由不明・一括ダウンロードから欠落)
2026-07-12,1890,取得失敗(理由不明・一括ダウンロードから欠落)
2026-07-12,1949,取得失敗(理由不明・一括ダウンロードから欠落)
2026-07-12,202A,取得失敗(理由不明・一括ダウンロードから欠落)
2026-07-12,2150,取得失敗(理由不明・一括ダウンロードから欠落)
2026-07-12,2196,取得失敗(理由不明・一括ダウンロードから欠落)
2026-07-12,2344,取得失敗(理由不明・一括ダウンロードから欠落)
2026-07-12,2374,取得失敗(理由不明・一括ダウンロードから欠落)
2026-07-12,2389,取得失敗(理由不明・一括ダウンロードから欠落)
2026-07-12,2540,取得失敗(理由不明・一括ダウンロードから欠落)
2026-07-12,2686,取得失敗(理由不明・一括ダウンロードから欠落)
2026-07-12,2692,取得失敗(理由不明・一括ダウンロードから欠落)
2026-07-12,2743,取得失敗(理由不明・一括ダウンロードから欠落)
2026-07-12,3073,取得失敗(理由不明・一括ダウンロードから欠落)
2026-07-12,3094,取得失敗(理由不明・一括ダウンロードから欠落)
2026-07-12,3141,取得失敗(理由不明・一括ダウンロードから欠落)
2026-07-12,3294,取得失敗(理由不明・一括ダウンロードから欠落)
2026-07-12,3341,取得失敗(理由不明・一括ダウンロードから欠落)
2026-07-12,3526,取得失敗(理由不明・一括ダウンロードから欠落)
2026-07-12,3540,取得失敗(理由不明・一括ダウンロードから欠落)
2026-07-12,3541,取得失敗(理由不明・一括ダウンロードから欠落)
2026-07-12,3546,取得失敗(理由不明・一括ダウンロードから欠落)
2026-07-12,3593,取得失敗(理由不明・一括ダウンロードから欠落)
2026-07-12,3655,取得失敗(理由不明・一括ダウンロードから欠落)
2026-07-12,3670,取得失敗(理由不明・一括ダウンロードから欠落)
2026-07-12,3688,取得失敗(理由不明・一括ダウンロードから欠落)
2026-07-12,3847,取得失敗(理由不明・一括ダウンロードから欠落)
2026-07-12,3902,取得失敗(理由不明・一括ダウンロードから欠落)
2026-07-12,3924,取得失敗(理由不明・一括ダウンロードから欠落)
2026-07-12,3961,取得失敗(理由不明・一括ダウンロードから欠落)
2026-07-12,4080,取得失敗(理由不明・一括ダウンロードから欠落)
2026-07-12,4319,取得失敗(理由不明・一括ダウンロードから欠落)
2026-07-12,4333,取得失敗(理由不明・一括ダウンロードから欠落)
2026-07-12,4384,取得失敗(理由不明・一括ダウンロードから欠落)
2026-07-12,4494,取得失敗(理由不明・一括ダウンロードから欠落)
2026-07-12,4530,取得失敗(理由不明・一括ダウンロードから欠落)
2026-07-12,4556,取得失敗(理由不明・一括ダウンロードから欠落)
2026-07-12,4659,取得失敗(理由不明・一括ダウンロードから欠落)
2026-07-12,4690,取得失敗(理由不明・一括ダウンロードから欠落)
2026-07-12,4745,取得失敗(理由不明・一括ダウンロードから欠落)
2026-07-12,4917,取得失敗(理由不明・一括ダウンロードから欠落)
2026-07-12,4957,取得失敗(理由不明・一括ダウンロードから欠落)
2026-07-12,4974,取得失敗(理由不明・一括ダウンロードから欠落)
2026-07-12,5017,取得失敗(理由不明・一括ダウンロードから欠落)
2026-07-12,5070,取得失敗(理由不明・一括ダウンロードから欠落)
2026-07-12,5191,取得失敗(理由不明・一括ダウンロードから欠落)
2026-07-12,5259,取得失敗(理由不明・一括ダウンロードから欠落)
2026-07-12,5352,取得失敗(理由不明・一括ダウンロードから欠落)
2026-07-12,5386,取得失敗(理由不明・一括ダウンロードから欠落)
2026-07-12,5476,取得失敗(理由不明・一括ダウンロードから欠落)
2026-07-12,5577,取得失敗(理由不明・一括ダウンロードから欠落)
2026-07-12,5595,取得失敗(理由不明・一括ダウンロードから欠落)
2026-07-12,5596,取得失敗(理由不明・一括ダウンロードから欠落)
2026-07-12,5727,取得失敗(理由不明・一括ダウンロードから欠落)
2026-07-12,5856,取得失敗(理由不明・一括ダウンロードから欠落)
2026-07-12,6028,取得失敗(理由不明・一括ダウンロードから欠落)
2026-07-12,6060,取得失敗(理由不明・一括ダウンロードから欠落)
2026-07-12,6173,取得失敗(理由不明・一括ダウンロードから欠落)
2026-07-12,6201,取得失敗(理由不明・一括ダウンロードから欠落)
2026-07-12,6210,取得失敗(理由不明・一括ダウンロードから欠落)
2026-07-12,6293,取得失敗(理由不明・一括ダウンロードから欠落)
2026-07-12,6297,取得失敗(理由不明・一括ダウンロードから欠落)
2026-07-12,6312,取得失敗(理由不明・一括ダウンロードから欠落)
2026-07-12,6373,取得失敗(理由不明・一括ダウンロードから欠落)
2026-07-12,6403,取得失敗(理由不明・一括ダウンロードから欠落)
2026-07-12,6406,取得失敗(理由不明・一括ダウンロードから欠落)
2026-07-12,6416,取得失敗(理由不明・一括ダウンロードから欠落)
2026-07-12,6489,取得失敗(理由不明・一括ダウンロードから欠落)
2026-07-12,6542,取得失敗(理由不明・一括ダウンロードから欠落)
2026-07-12,6565,取得失敗(理由不明・一括ダウンロードから欠落)
2026-07-12,6670,取得失敗(理由不明・一括ダウンロードから欠落)
2026-07-12,6734,取得失敗(理由不明・一括ダウンロードから欠落)
2026-07-12,6901,取得失敗(理由不明・一括ダウンロードから欠落)
2026-07-12,6930,取得失敗(理由不明・一括ダウンロードから欠落)
2026-07-12,6937,取得失敗(理由不明・一括ダウンロードから欠落)
2026-07-12,6957,取得失敗(理由不明・一括ダウンロードから欠落)
2026-07-12,7088,取得失敗(理由不明・一括ダウンロードから欠落)
2026-07-12,7092,取得失敗(理由不明・一括ダウンロードから欠落)
2026-07-12,7105,取得失敗(理由不明・一括ダウンロードから欠落)
2026-07-12,7116,取得失敗(理由不明・一括ダウンロードから欠落)
2026-07-12,7205,取得失敗(理由不明・一括ダウンロードから欠落)
2026-07-12,7229,取得失敗(理由不明・一括ダウンロードから欠落)
2026-07-12,7250,取得失敗(理由不明・一括ダウンロードから欠落)
2026-07-12,7420,取得失敗(理由不明・一括ダウンロードから欠落)
2026-07-12,7445,取得失敗(理由不明・一括ダウンロードから欠落)
2026-07-12,7450,取得失敗(理由不明・一括ダウンロードから欠落)
2026-07-12,7455,取得失敗(理由不明・一括ダウンロードから欠落)
2026-07-12,7467,取得失敗(理由不明・一括ダウンロードから欠落)
2026-07-12,7635,取得失敗(理由不明・一括ダウンロードから欠落)
2026-07-12,7718,取得失敗(理由不明・一括ダウンロードから欠落)
2026-07-12,7732,取得失敗(理由不明・一括ダウンロードから欠落)
2026-07-12,7739,取得失敗(理由不明・一括ダウンロードから欠落)
2026-07-12,7817,取得失敗(理由不明・一括ダウンロードから欠落)
2026-07-12,7851,取得失敗(理由不明・一括ダウンロードから欠落)
2026-07-12,7922,取得失敗(理由不明・一括ダウンロードから欠落)
2026-07-12,7923,取得失敗(理由不明・一括ダウンロードから欠落)
2026-07-12,7925,取得失敗(理由不明・一括ダウンロードから欠落)
2026-07-12,7985,取得失敗(理由不明・一括ダウンロードから欠落)
2026-07-12,7999,取得失敗(理由不明・一括ダウンロードから欠落)
2026-07-12,8209,取得失敗(理由不明・一括ダウンロードから欠落)
2026-07-12,8515,取得失敗(理由不明・一括ダウンロードから欠落)
2026-07-12,8940,取得失敗(理由不明・一括ダウンロードから欠落)
2026-07-12,9067,取得失敗(理由不明・一括ダウンロードから欠落)
2026-07-12,9338,取得失敗(理由不明・一括ダウンロードから欠落)
2026-07-12,9386,取得失敗(理由不明・一括ダウンロードから欠落)
2026-07-12,9600,取得失敗(理由不明・一括ダウンロードから欠落)
2026-07-12,9719,取得失敗(理由不明・一括ダウンロードから欠落)
2026-07-12,9776,取得失敗(理由不明・一括ダウンロードから欠落)
2026-07-12,9914,取得失敗(理由不明・一括ダウンロードから欠落)
2026-07-12,9927,取得失敗(理由不明・一括ダウンロードから欠落)
2026-07-13,165A,取得失敗(理由不明・一括ダウンロードから欠落)
2026-07-13,1712,取得失敗(理由不明・一括ダウンロードから欠落)
2026-07-13,1726,取得失敗(理由不明・一括ダウンロードから欠落)
2026-07-13,1743,取得失敗(理由不明・一括ダウンロードから欠落)
2026-07-13,176A,取得失敗(理由不明・一括ダウンロードから欠落)
2026-07-13,1776,取得失敗(理由不明・一括ダウンロードから欠落)
2026-07-13,1821,取得失敗(理由不明・一括ダウンロードから欠落)
2026-07-13,1841,取得失敗(理由不明・一括ダウンロードから欠落)
2026-07-13,1890,取得失敗(理由不明・一括ダウンロードから欠落)
2026-07-13,1949,取得失敗(理由不明・一括ダウンロードから欠落)
2026-07-13,202A,取得失敗(理由不明・一括ダウンロードから欠落)
2026-07-13,2150,取得失敗(理由不明・一括ダウンロードから欠落)
2026-07-13,2196,取得失敗(理由不明・一括ダウンロードから欠落)
2026-07-13,2344,取得失敗(理由不明・一括ダウンロードから欠落)
2026-07-13,2374,取得失敗(理由不明・一括ダウンロードから欠落)
2026-07-13,2389,取得失敗(理由不明・一括ダウンロードから欠落)
2026-07-13,2540,取得失敗(理由不明・一括ダウンロードから欠落)
2026-07-13,2686,取得失敗(理由不明・一括ダウンロードから欠落)
2026-07-13,2692,取得失敗(理由不明・一括ダウンロードから欠落)
2026-07-13,2743,取得失敗(理由不明・一括ダウンロードから欠落)
2026-07-13,3073,取得失敗(理由不明・一括ダウンロードから欠落)
2026-07-13,3094,取得失敗(理由不明・一括ダウンロードから欠落)
2026-07-13,3141,取得失敗(理由不明・一括ダウンロードから欠落)
2026-07-13,3294,取得失敗(理由不明・一括ダウンロードから欠落)
2026-07-13,3341,取得失敗(理由不明・一括ダウンロードから欠落)
2026-07-13,3526,取得失敗(理由不明・一括ダウンロードから欠落)
2026-07-13,3540,取得失敗(理由不明・一括ダウンロードから欠落)
2026-07-13,3541,取得失敗(理由不明・一括ダウンロードから欠落)
2026-07-13,3546,取得失敗(理由不明・一括ダウンロードから欠落)
2026-07-13,3593,取得失敗(理由不明・一括ダウンロードから欠落)
2026-07-13,3655,取得失敗(理由不明・一括ダウンロードから欠落)
2026-07-13,3670,取得失敗(理由不明・一括ダウンロードから欠落)
2026-07-13,3688,取得失敗(理由不明・一括ダウンロードから欠落)
2026-07-13,3847,取得失敗(理由不明・一括ダウンロードから欠落)
2026-07-13,3902,取得失敗(理由不明・一括ダウンロードから欠落)
2026-07-13,3924,取得失敗(理由不明・一括ダウンロードから欠落)
2026-07-13,3961,取得失敗(理由不明・一括ダウンロードから欠落)
2026-07-13,4080,取得失敗(理由不明・一括ダウンロードから欠落)
2026-07-13,4319,取得失敗(理由不明・一括ダウンロードから欠落)
2026-07-13,4333,取得失敗(理由不明・一括ダウンロードから欠落)
2026-07-13,4384,取得失敗(理由不明・一括ダウンロードから欠落)
2026-07-13,4494,取得失敗(理由不明・一括ダウンロードから欠落)
2026-07-13,4530,取得失敗(理由不明・一括ダウンロードから欠落)
2026-07-13,4556,取得失敗(理由不明・一括ダウンロードから欠落)
2026-07-13,4659,取得失敗(理由不明・一括ダウンロードから欠落)
2026-07-13,4690,取得失敗(理由不明・一括ダウンロードから欠落)
2026-07-13,4745,取得失敗(理由不明・一括ダウンロードから欠落)
2026-07-13,4911,取得失敗(理由不明・一括ダウンロードから欠落)
2026-07-13,4917,取得失敗(理由不明・一括ダウンロードから欠落)
2026-07-13,4918,取得失敗(理由不明・一括ダウンロードから欠落)
2026-07-13,4934,取得失敗(理由不明・一括ダウンロードから欠落)
2026-07-13,4951,取得失敗(理由不明・一括ダウンロードから欠落)
2026-07-13,4956,取得失敗(理由不明・一括ダウンロードから欠落)
2026-07-13,4957,取得失敗(理由不明・一括ダウンロードから欠落)
2026-07-13,4970,取得失敗(理由不明・一括ダウンロードから欠落)
2026-07-13,4973,取得失敗(理由不明・一括ダウンロードから欠落)
2026-07-13,4974,取得失敗(理由不明・一括ダウンロードから欠落)
2026-07-13,5010,取得失敗(理由不明・一括ダウンロードから欠落)
2026-07-13,5015,取得失敗(理由不明・一括ダウンロードから欠落)
2026-07-13,5016,取得失敗(理由不明・一括ダウンロードから欠落)
2026-07-13,5017,取得失敗(理由不明・一括ダウンロードから欠落)
2026-07-13,5020,取得失敗(理由不明・一括ダウンロードから欠落)
2026-07-13,5027,取得失敗(理由不明・一括ダウンロードから欠落)
2026-07-13,5029,取得失敗(理由不明・一括ダウンロードから欠落)
2026-07-13,5033,取得失敗(理由不明・一括ダウンロードから欠落)
2026-07-13,5070,取得失敗(理由不明・一括ダウンロードから欠落)
2026-07-13,5103,取得失敗(理由不明・一括ダウンロードから欠落)
2026-07-13,5108,取得失敗(理由不明・一括ダウンロードから欠落)
2026-07-13,5129,取得失敗(理由不明・一括ダウンロードから欠落)
2026-07-13,5137,取得失敗(理由不明・一括ダウンロードから欠落)
2026-07-13,5138,取得失敗(理由不明・一括ダウンロードから欠落)
2026-07-13,5191,取得失敗(理由不明・一括ダウンロードから欠落)
2026-07-13,5195,取得失敗(理由不明・一括ダウンロードから欠落)
2026-07-13,5208,取得失敗(理由不明・一括ダウンロードから欠落)
2026-07-13,5210,取得失敗(理由不明・一括ダウンロードから欠落)
2026-07-13,5232,取得失敗(理由不明・一括ダウンロードから欠落)
2026-07-13,5255,取得失敗(理由不明・一括ダウンロードから欠落)
2026-07-13,5259,取得失敗(理由不明・一括ダウンロードから欠落)
2026-07-13,5271,取得失敗(理由不明・一括ダウンロードから欠落)
2026-07-13,5279,取得失敗(理由不明・一括ダウンロードから欠落)
2026-07-13,5284,取得失敗(理由不明・一括ダウンロードから欠落)
2026-07-13,5341,取得失敗(理由不明・一括ダウンロードから欠落)
2026-07-13,5351,取得失敗(理由不明・一括ダウンロードから欠落)
2026-07-13,5352,取得失敗(理由不明・一括ダウンロードから欠落)
2026-07-13,5355,取得失敗(理由不明・一括ダウンロードから欠落)
2026-07-13,5356,取得失敗(理由不明・一括ダウンロードから欠落)
2026-07-13,5381,取得失敗(理由不明・一括ダウンロードから欠落)
2026-07-13,5386,取得失敗(理由不明・一括ダウンロードから欠落)
2026-07-13,5388,取得失敗(理由不明・一括ダウンロードから欠落)
2026-07-13,5393,取得失敗(理由不明・一括ダウンロードから欠落)
2026-07-13,5445,取得失敗(理由不明・一括ダウンロードから欠落)
2026-07-13,5476,取得失敗(理由不明・一括ダウンロードから欠落)
2026-07-13,5484,取得失敗(理由不明・一括ダウンロードから欠落)
2026-07-13,5533,取得失敗(理由不明・一括ダウンロードから欠落)
2026-07-13,5541,取得失敗(理由不明・一括ダウンロードから欠落)
2026-07-13,5542,取得失敗(理由不明・一括ダウンロードから欠落)
2026-07-13,5563,取得失敗(理由不明・一括ダウンロードから欠落)
2026-07-13,5570,取得失敗(理由不明・一括ダウンロードから欠落)
2026-07-13,5571,取得失敗(理由不明・一括ダウンロードから欠落)
2026-07-13,5572,取得失敗(理由不明・一括ダウンロードから欠落)
2026-07-13,5575,取得失敗(理由不明・一括ダウンロードから欠落)
2026-07-13,5577,取得失敗(理由不明・一括ダウンロードから欠落)
2026-07-13,5578,取得失敗(理由不明・一括ダウンロードから欠落)
2026-07-13,5582,取得失敗(理由不明・一括ダウンロードから欠落)
2026-07-13,5587,取得失敗(理由不明・一括ダウンロードから欠落)
2026-07-13,5589,取得失敗(理由不明・一括ダウンロードから欠落)
2026-07-13,5590,取得失敗(理由不明・一括ダウンロードから欠落)
2026-07-13,5591,取得失敗(理由不明・一括ダウンロードから欠落)
2026-07-13,5592,取得失敗(理由不明・一括ダウンロードから欠落)
2026-07-13,5595,取得失敗(理由不明・一括ダウンロードから欠落)
2026-07-13,5596,取得失敗(理由不明・一括ダウンロードから欠落)
2026-07-13,5597,取得失敗(理由不明・一括ダウンロードから欠落)
2026-07-13,5602,取得失敗(理由不明・一括ダウンロードから欠落)
2026-07-13,5603,取得失敗(理由不明・一括ダウンロードから欠落)
2026-07-13,5609,取得失敗(理由不明・一括ダウンロードから欠落)
2026-07-13,5616,取得失敗(理由不明・一括ダウンロードから欠落)
2026-07-13,5619,取得失敗(理由不明・一括ダウンロードから欠落)
2026-07-13,5621,取得失敗(理由不明・一括ダウンロードから欠落)
2026-07-13,5631,取得失敗(理由不明・一括ダウンロードから欠落)
2026-07-13,5658,取得失敗(理由不明・一括ダウンロードから欠落)
2026-07-13,5660,取得失敗(理由不明・一括ダウンロードから欠落)
2026-07-13,5695,取得失敗(理由不明・一括ダウンロードから欠落)
2026-07-13,5697,取得失敗(理由不明・一括ダウンロードから欠落)
2026-07-13,5699,取得失敗(理由不明・一括ダウンロードから欠落)
2026-07-13,5702,取得失敗(理由不明・一括ダウンロードから欠落)
2026-07-13,5703,取得失敗(理由不明・一括ダウンロードから欠落)
2026-07-13,5706,取得失敗(理由不明・一括ダウンロードから欠落)
2026-07-13,5707,取得失敗(理由不明・一括ダウンロードから欠落)
2026-07-13,5711,取得失敗(理由不明・一括ダウンロードから欠落)
2026-07-13,5713,取得失敗(理由不明・一括ダウンロードから欠落)
2026-07-13,5715,取得失敗(理由不明・一括ダウンロードから欠落)
2026-07-13,5721,取得失敗(理由不明・一括ダウンロードから欠落)
2026-07-13,5724,取得失敗(理由不明・一括ダウンロードから欠落)
2026-07-13,5727,取得失敗(理由不明・一括ダウンロードから欠落)
2026-07-13,5729,取得失敗(理由不明・一括ダウンロードから欠落)
2026-07-13,5741,取得失敗(理由不明・一括ダウンロードから欠落)
2026-07-13,5742,取得失敗(理由不明・一括ダウンロードから欠落)
2026-07-13,5753,取得失敗(理由不明・一括ダウンロードから欠落)
2026-07-13,5856,取得失敗(理由不明・一括ダウンロードから欠落)
2026-07-13,5965,取得失敗(理由不明・一括ダウンロードから欠落)
2026-07-13,5966,取得失敗(理由不明・一括ダウンロードから欠落)
2026-07-13,5967,取得失敗(理由不明・一括ダウンロードから欠落)
2026-07-13,5969,取得失敗(理由不明・一括ダウンロードから欠落)
2026-07-13,5971,取得失敗(理由不明・一括ダウンロードから欠落)
2026-07-13,5973,取得失敗(理由不明・一括ダウンロードから欠落)
2026-07-13,5974,取得失敗(理由不明・一括ダウンロードから欠落)
2026-07-13,5976,取得失敗(理由不明・一括ダウンロードから欠落)
2026-07-13,5982,取得失敗(理由不明・一括ダウンロードから欠落)
2026-07-13,5983,取得失敗(理由不明・一括ダウンロードから欠落)
2026-07-13,5985,取得失敗(理由不明・一括ダウンロードから欠落)
2026-07-13,5986,取得失敗(理由不明・一括ダウンロードから欠落)
2026-07-13,5987,取得失敗(理由不明・一括ダウンロードから欠落)
2026-07-13,5988,取得失敗(理由不明・一括ダウンロードから欠落)
2026-07-13,5991,取得失敗(理由不明・一括ダウンロードから欠落)
2026-07-13,5992,取得失敗(理由不明・一括ダウンロードから欠落)
2026-07-13,5997,取得失敗(理由不明・一括ダウンロードから欠落)
2026-07-13,5998,取得失敗(理由不明・一括ダウンロードから欠落)
2026-07-13,6016,取得失敗(理由不明・一括ダウンロードから欠落)
2026-07-13,6018,取得失敗(理由不明・一括ダウンロードから欠落)
2026-07-13,6022,取得失敗(理由不明・一括ダウンロードから欠落)
2026-07-13,6023,取得失敗(理由不明・一括ダウンロードから欠落)
2026-07-13,6028,取得失敗(理由不明・一括ダウンロードから欠落)
2026-07-13,6029,取得失敗(理由不明・一括ダウンロードから欠落)
2026-07-13,6030,取得失敗(理由不明・一括ダウンロードから欠落)
2026-07-13,6033,取得失敗(理由不明・一括ダウンロードから欠落)
2026-07-13,6034,取得失敗(理由不明・一括ダウンロードから欠落)
2026-07-13,6036,取得失敗(理由不明・一括ダウンロードから欠落)
2026-07-13,6037,取得失敗(理由不明・一括ダウンロードから欠落)
2026-07-13,6038,取得失敗(理由不明・一括ダウンロードから欠落)
2026-07-13,6039,取得失敗(理由不明・一括ダウンロードから欠落)
2026-07-13,6042,取得失敗(理由不明・一括ダウンロードから欠落)
2026-07-13,6044,取得失敗(理由不明・一括ダウンロードから欠落)
2026-07-13,6045,取得失敗(理由不明・一括ダウンロードから欠落)
2026-07-13,6058,取得失敗(理由不明・一括ダウンロードから欠落)
2026-07-13,6059,取得失敗(理由不明・一括ダウンロードから欠落)
2026-07-13,6060,取得失敗(理由不明・一括ダウンロードから欠落)
2026-07-13,6061,取得失敗(理由不明・一括ダウンロードから欠落)
2026-07-13,6063,取得失敗(理由不明・一括ダウンロードから欠落)
2026-07-13,6069,取得失敗(理由不明・一括ダウンロードから欠落)
2026-07-13,6078,取得失敗(理由不明・一括ダウンロードから欠落)
2026-07-13,6080,取得失敗(理由不明・一括ダウンロードから欠落)
2026-07-13,6085,取得失敗(理由不明・一括ダウンロードから欠落)
2026-07-13,6086,取得失敗(理由不明・一括ダウンロードから欠落)
2026-07-13,6087,取得失敗(理由不明・一括ダウンロードから欠落)
2026-07-13,6088,取得失敗(理由不明・一括ダウンロードから欠落)
2026-07-13,6091,取得失敗(理由不明・一括ダウンロードから欠落)
2026-07-13,6093,取得失敗(理由不明・一括ダウンロードから欠落)
2026-07-13,6096,取得失敗(理由不明・一括ダウンロードから欠落)
2026-07-13,6118,取得失敗(理由不明・一括ダウンロードから欠落)
2026-07-13,6137,取得失敗(理由不明・一括ダウンロードから欠落)
2026-07-13,6138,取得失敗(理由不明・一括ダウンロードから欠落)
2026-07-13,6158,取得失敗(理由不明・一括ダウンロードから欠落)
2026-07-13,6171,取得失敗(理由不明・一括ダウンロードから欠落)
2026-07-13,6173,取得失敗(理由不明・一括ダウンロードから欠落)
2026-07-13,6178,取得失敗(理由不明・一括ダウンロードから欠落)
2026-07-13,6180,取得失敗(理由不明・一括ダウンロードから欠落)
2026-07-13,6183,取得失敗(理由不明・一括ダウンロードから欠落)
2026-07-13,6199,取得失敗(理由不明・一括ダウンロードから欠落)
2026-07-13,6201,取得失敗(理由不明・一括ダウンロードから欠落)
2026-07-13,6203,取得失敗(理由不明・一括ダウンロードから欠落)
2026-07-13,6210,取得失敗(理由不明・一括ダウンロードから欠落)
2026-07-13,6222,取得失敗(理由不明・一括ダウンロードから欠落)
2026-07-13,6224,取得失敗(理由不明・一括ダウンロードから欠落)
2026-07-13,6249,取得失敗(理由不明・一括ダウンロードから欠落)
2026-07-13,6262,取得失敗(理由不明・一括ダウンロードから欠落)
2026-07-13,6265,取得失敗(理由不明・一括ダウンロードから欠落)
2026-07-13,6268,取得失敗(理由不明・一括ダウンロードから欠落)
2026-07-13,6269,取得失敗(理由不明・一括ダウンロードから欠落)
2026-07-13,6273,取得失敗(理由不明・一括ダウンロードから欠落)
2026-07-13,6276,取得失敗(理由不明・一括ダウンロードから欠落)
2026-07-13,6277,取得失敗(理由不明・一括ダウンロードから欠落)
2026-07-13,6278,取得失敗(理由不明・一括ダウンロードから欠落)
2026-07-13,6284,取得失敗(理由不明・一括ダウンロードから欠落)
2026-07-13,6287,取得失敗(理由不明・一括ダウンロードから欠落)
2026-07-13,6289,取得失敗(理由不明・一括ダウンロードから欠落)
2026-07-13,6293,取得失敗(理由不明・一括ダウンロードから欠落)
2026-07-13,6297,取得失敗(理由不明・一括ダウンロードから欠落)
2026-07-13,6301,取得失敗(理由不明・一括ダウンロードから欠落)
2026-07-13,6309,取得失敗(理由不明・一括ダウンロードから欠落)
2026-07-13,6312,取得失敗(理由不明・一括ダウンロードから欠落)
2026-07-13,6324,取得失敗(理由不明・一括ダウンロードから欠落)
2026-07-13,6328,取得失敗(理由不明・一括ダウンロードから欠落)
2026-07-13,6332,取得失敗(理由不明・一括ダウンロードから欠落)
2026-07-13,6333,取得失敗(理由不明・一括ダウンロードから欠落)
2026-07-13,6336,取得失敗(理由不明・一括ダウンロードから欠落)
2026-07-13,6338,取得失敗(理由不明・一括ダウンロードから欠落)
2026-07-13,6339,取得失敗(理由不明・一括ダウンロードから欠落)
2026-07-13,6343,取得失敗(理由不明・一括ダウンロードから欠落)
2026-07-13,6345,取得失敗(理由不明・一括ダウンロードから欠落)
2026-07-13,6347,取得失敗(理由不明・一括ダウンロードから欠落)
2026-07-13,6349,取得失敗(理由不明・一括ダウンロードから欠落)
2026-07-13,6351,取得失敗(理由不明・一括ダウンロードから欠落)
2026-07-13,6356,取得失敗(理由不明・一括ダウンロードから欠落)
2026-07-13,6357,取得失敗(理由不明・一括ダウンロードから欠落)
2026-07-13,6358,取得失敗(理由不明・一括ダウンロードから欠落)
2026-07-13,6360,取得失敗(理由不明・一括ダウンロードから欠落)
2026-07-13,6363,取得失敗(理由不明・一括ダウンロードから欠落)
2026-07-13,6364,取得失敗(理由不明・一括ダウンロードから欠落)
2026-07-13,6365,取得失敗(理由不明・一括ダウンロードから欠落)
2026-07-13,6366,取得失敗(理由不明・一括ダウンロードから欠落)
2026-07-13,6369,取得失敗(理由不明・一括ダウンロードから欠落)
2026-07-13,6370,取得失敗(理由不明・一括ダウンロードから欠落)
2026-07-13,6371,取得失敗(理由不明・一括ダウンロードから欠落)
2026-07-13,6373,取得失敗(理由不明・一括ダウンロードから欠落)
2026-07-13,6380,取得失敗(理由不明・一括ダウンロードから欠落)
2026-07-13,6384,取得失敗(理由不明・一括ダウンロードから欠落)
2026-07-13,6387,取得失敗(理由不明・一括ダウンロードから欠落)
2026-07-13,6395,取得失敗(理由不明・一括ダウンロードから欠落)
2026-07-13,6403,取得失敗(理由不明・一括ダウンロードから欠落)
2026-07-13,6406,取得失敗(理由不明・一括ダウンロードから欠落)
2026-07-13,6407,取得失敗(理由不明・一括ダウンロードから欠落)
2026-07-13,6412,取得失敗(理由不明・一括ダウンロードから欠落)
2026-07-13,6416,取得失敗(理由不明・一括ダウンロードから欠落)
2026-07-13,6417,取得失敗(理由不明・一括ダウンロードから欠落)
2026-07-13,6419,取得失敗(理由不明・一括ダウンロードから欠落)
2026-07-13,6432,取得失敗(理由不明・一括ダウンロードから欠落)
2026-07-13,6440,取得失敗(理由不明・一括ダウンロードから欠落)
2026-07-13,6444,取得失敗(理由不明・一括ダウンロードから欠落)
2026-07-13,6445,取得失敗(理由不明・一括ダウンロードから欠落)
2026-07-13,6460,取得失敗(理由不明・一括ダウンロードから欠落)
2026-07-13,6466,取得失敗(理由不明・一括ダウンロードから欠落)
2026-07-13,6480,取得失敗(理由不明・一括ダウンロードから欠落)
2026-07-13,6482,取得失敗(理由不明・一括ダウンロードから欠落)
2026-07-13,6486,取得失敗(理由不明・一括ダウンロードから欠落)
2026-07-13,6488,取得失敗(理由不明・一括ダウンロードから欠落)
2026-07-13,6489,取得失敗(理由不明・一括ダウンロードから欠落)
2026-07-13,6493,取得失敗(理由不明・一括ダウンロードから欠落)
2026-07-13,6497,取得失敗(理由不明・一括ダウンロードから欠落)
2026-07-13,6503,取得失敗(理由不明・一括ダウンロードから欠落)
2026-07-13,6505,取得失敗(理由不明・一括ダウンロードから欠落)
2026-07-13,6507,取得失敗(理由不明・一括ダウンロードから欠落)
2026-07-13,6508,取得失敗(理由不明・一括ダウンロードから欠落)
2026-07-13,6513,取得失敗(理由不明・一括ダウンロードから欠落)
2026-07-13,6516,取得失敗(理由不明・一括ダウンロードから欠落)
2026-07-13,6517,取得失敗(理由不明・一括ダウンロードから欠落)
2026-07-13,6518,取得失敗(理由不明・一括ダウンロードから欠落)
2026-07-13,6524,取得失敗(理由不明・一括ダウンロードから欠落)
2026-07-13,6525,取得失敗(理由不明・一括ダウンロードから欠落)
2026-07-13,6526,取得失敗(理由不明・一括ダウンロードから欠落)
2026-07-13,6533,取得失敗(理由不明・一括ダウンロードから欠落)
2026-07-13,6535,取得失敗(理由不明・一括ダウンロードから欠落)
2026-07-13,6537,取得失敗(理由不明・一括ダウンロードから欠落)
2026-07-13,6538,取得失敗(理由不明・一括ダウンロードから欠落)
2026-07-13,6539,取得失敗(理由不明・一括ダウンロードから欠落)
2026-07-13,6540,取得失敗(理由不明・一括ダウンロードから欠落)
2026-07-13,6542,取得失敗(理由不明・一括ダウンロードから欠落)
2026-07-13,6543,取得失敗(理由不明・一括ダウンロードから欠落)
2026-07-13,6546,取得失敗(理由不明・一括ダウンロードから欠落)
2026-07-13,6547,取得失敗(理由不明・一括ダウンロードから欠落)
2026-07-13,6548,取得失敗(理由不明・一括ダウンロードから欠落)
2026-07-13,6551,取得失敗(理由不明・一括ダウンロードから欠落)
2026-07-13,6552,取得失敗(理由不明・一括ダウンロードから欠落)
2026-07-13,6554,取得失敗(理由不明・一括ダウンロードから欠落)
2026-07-13,6555,取得失敗(理由不明・一括ダウンロードから欠落)
2026-07-13,6557,取得失敗(理由不明・一括ダウンロードから欠落)
2026-07-13,6558,取得失敗(理由不明・一括ダウンロードから欠落)
2026-07-13,6560,取得失敗(理由不明・一括ダウンロードから欠落)
2026-07-13,6561,取得失敗(理由不明・一括ダウンロードから欠落)
2026-07-13,6563,取得失敗(理由不明・一括ダウンロードから欠落)
2026-07-13,6564,取得失敗(理由不明・一括ダウンロードから欠落)
2026-07-13,6565,取得失敗(理由不明・一括ダウンロードから欠落)
2026-07-13,6566,取得失敗(理由不明・一括ダウンロードから欠落)
2026-07-13,6568,取得失敗(理由不明・一括ダウンロードから欠落)
2026-07-13,6570,取得失敗(理由不明・一括ダウンロードから欠落)
2026-07-13,6571,取得失敗(理由不明・一括ダウンロードから欠落)
2026-07-13,6572,取得失敗(理由不明・一括ダウンロードから欠落)
2026-07-13,6573,取得失敗(理由不明・一括ダウンロードから欠落)
2026-07-13,6574,取得失敗(理由不明・一括ダウンロードから欠落)
2026-07-13,6577,取得失敗(理由不明・一括ダウンロードから欠落)
2026-07-13,6578,取得失敗(理由不明・一括ダウンロードから欠落)
2026-07-13,6579,取得失敗(理由不明・一括ダウンロードから欠落)
2026-07-13,6580,取得失敗(理由不明・一括ダウンロードから欠落)
2026-07-13,6584,取得失敗(理由不明・一括ダウンロードから欠落)
2026-07-13,6586,取得失敗(理由不明・一括ダウンロードから欠落)
2026-07-13,6588,取得失敗(理由不明・一括ダウンロードから欠落)
2026-07-13,6590,取得失敗(理由不明・一括ダウンロードから欠落)
2026-07-13,6592,取得失敗(理由不明・一括ダウンロードから欠落)
2026-07-13,6594,取得失敗(理由不明・一括ダウンロードから欠落)
2026-07-13,6597,取得失敗(理由不明・一括ダウンロードから欠落)
2026-07-13,6599,取得失敗(理由不明・一括ダウンロードから欠落)
2026-07-13,6612,取得失敗(理由不明・一括ダウンロードから欠落)
2026-07-13,6613,取得失敗(理由不明・一括ダウンロードから欠落)
2026-07-13,6615,取得失敗(理由不明・一括ダウンロードから欠落)
2026-07-13,6616,取得失敗(理由不明・一括ダウンロードから欠落)
2026-07-13,6617,取得失敗(理由不明・一括ダウンロードから欠落)
2026-07-13,6620,取得失敗(理由不明・一括ダウンロードから欠落)
2026-07-13,6622,取得失敗(理由不明・一括ダウンロードから欠落)
2026-07-13,6625,取得失敗(理由不明・一括ダウンロードから欠落)
2026-07-13,6626,取得失敗(理由不明・一括ダウンロードから欠落)
2026-07-13,6627,取得失敗(理由不明・一括ダウンロードから欠落)
2026-07-13,6630,取得失敗(理由不明・一括ダウンロードから欠落)
2026-07-13,6633,取得失敗(理由不明・一括ダウンロードから欠落)
2026-07-13,6634,取得失敗(理由不明・一括ダウンロードから欠落)
2026-07-13,6637,取得失敗(理由不明・一括ダウンロードから欠落)
2026-07-13,6643,取得失敗(理由不明・一括ダウンロードから欠落)
2026-07-13,6644,取得失敗(理由不明・一括ダウンロードから欠落)
2026-07-13,6645,取得失敗(理由不明・一括ダウンロードから欠落)
2026-07-13,6648,取得失敗(理由不明・一括ダウンロードから欠落)
2026-07-13,6653,取得失敗(理由不明・一括ダウンロードから欠落)
2026-07-13,6654,取得失敗(理由不明・一括ダウンロードから欠落)
2026-07-13,6656,取得失敗(理由不明・一括ダウンロードから欠落)
2026-07-13,6658,取得失敗(理由不明・一括ダウンロードから欠落)
2026-07-13,6662,取得失敗(理由不明・一括ダウンロードから欠落)
2026-07-13,6664,取得失敗(理由不明・一括ダウンロードから欠落)
2026-07-13,6668,取得失敗(理由不明・一括ダウンロードから欠落)
2026-07-13,6670,取得失敗(理由不明・一括ダウンロードから欠落)
2026-07-13,6674,取得失敗(理由不明・一括ダウンロードから欠落)
2026-07-13,6675,取得失敗(理由不明・一括ダウンロードから欠落)
2026-07-13,6677,取得失敗(理由不明・一括ダウンロードから欠落)
2026-07-13,6678,取得失敗(理由不明・一括ダウンロードから欠落)
2026-07-13,6696,取得失敗(理由不明・一括ダウンロードから欠落)
2026-07-13,6701,取得失敗(理由不明・一括ダウンロードから欠落)
2026-07-13,6702,取得失敗(理由不明・一括ダウンロードから欠落)
2026-07-13,6703,取得失敗(理由不明・一括ダウンロードから欠落)
2026-07-13,6707,取得失敗(理由不明・一括ダウンロードから欠落)
2026-07-13,6724,取得失敗(理由不明・一括ダウンロードから欠落)
2026-07-13,6728,取得失敗(理由不明・一括ダウンロードから欠落)
2026-07-13,6730,取得失敗(理由不明・一括ダウンロードから欠落)
2026-07-13,6734,取得失敗(理由不明・一括ダウンロードから欠落)
2026-07-13,6736,取得失敗(理由不明・一括ダウンロードから欠落)
2026-07-13,6737,取得失敗(理由不明・一括ダウンロードから欠落)
2026-07-13,6742,取得失敗(理由不明・一括ダウンロードから欠落)
2026-07-13,6866,取得失敗(理由不明・一括ダウンロードから欠落)
2026-07-13,6869,取得失敗(理由不明・一括ダウンロードから欠落)
2026-07-13,6871,取得失敗(理由不明・一括ダウンロードから欠落)
2026-07-13,6875,取得失敗(理由不明・一括ダウンロードから欠落)
2026-07-13,6877,取得失敗(理由不明・一括ダウンロードから欠落)
2026-07-13,6882,取得失敗(理由不明・一括ダウンロードから欠落)
2026-07-13,6888,取得失敗(理由不明・一括ダウンロードから欠落)
2026-07-13,6894,取得失敗(理由不明・一括ダウンロードから欠落)
2026-07-13,6897,取得失敗(理由不明・一括ダウンロードから欠落)
2026-07-13,6899,取得失敗(理由不明・一括ダウンロードから欠落)
2026-07-13,6901,取得失敗(理由不明・一括ダウンロードから欠落)
2026-07-13,6902,取得失敗(理由不明・一括ダウンロードから欠落)
2026-07-13,6904,取得失敗(理由不明・一括ダウンロードから欠落)
2026-07-13,6905,取得失敗(理由不明・一括ダウンロードから欠落)
2026-07-13,6907,取得失敗(理由不明・一括ダウンロードから欠落)
2026-07-13,6908,取得失敗(理由不明・一括ダウンロードから欠落)
2026-07-13,6912,取得失敗(理由不明・一括ダウンロードから欠落)
2026-07-13,6914,取得失敗(理由不明・一括ダウンロードから欠落)
2026-07-13,6919,取得失敗(理由不明・一括ダウンロードから欠落)
2026-07-13,6920,取得失敗(理由不明・一括ダウンロードから欠落)
2026-07-13,6923,取得失敗(理由不明・一括ダウンロードから欠落)
2026-07-13,6925,取得失敗(理由不明・一括ダウンロードから欠落)
2026-07-13,6926,取得失敗(理由不明・一括ダウンロードから欠落)
2026-07-13,6927,取得失敗(理由不明・一括ダウンロードから欠落)
2026-07-13,6928,取得失敗(理由不明・一括ダウンロードから欠落)
2026-07-13,6929,取得失敗(理由不明・一括ダウンロードから欠落)
2026-07-13,6930,取得失敗(理由不明・一括ダウンロードから欠落)
2026-07-13,6937,取得失敗(理由不明・一括ダウンロードから欠落)
2026-07-13,6942,取得失敗(理由不明・一括ダウンロードから欠落)
2026-07-13,6943,取得失敗(理由不明・一括ダウンロードから欠落)
2026-07-13,6951,取得失敗(理由不明・一括ダウンロードから欠落)
2026-07-13,6955,取得失敗(理由不明・一括ダウンロードから欠落)
2026-07-13,6957,取得失敗(理由不明・一括ダウンロードから欠落)
2026-07-13,6958,取得失敗(理由不明・一括ダウンロードから欠落)
2026-07-13,6960,取得失敗(理由不明・一括ダウンロードから欠落)
2026-07-13,6961,取得失敗(理由不明・一括ダウンロードから欠落)
2026-07-13,6963,取得失敗(理由不明・一括ダウンロードから欠落)
2026-07-13,6964,取得失敗(理由不明・一括ダウンロードから欠落)
2026-07-13,6965,取得失敗(理由不明・一括ダウンロードから欠落)
2026-07-13,6966,取得失敗(理由不明・一括ダウンロードから欠落)
2026-07-13,6969,取得失敗(理由不明・一括ダウンロードから欠落)
2026-07-13,6971,取得失敗(理由不明・一括ダウンロードから欠落)
2026-07-13,6977,取得失敗(理由不明・一括ダウンロードから欠落)
2026-07-13,6981,取得失敗(理由不明・一括ダウンロードから欠落)
2026-07-13,6982,取得失敗(理由不明・一括ダウンロードから欠落)
2026-07-13,7087,取得失敗(理由不明・一括ダウンロードから欠落)
2026-07-13,7088,取得失敗(理由不明・一括ダウンロードから欠落)
2026-07-13,7092,取得失敗(理由不明・一括ダウンロードから欠落)
2026-07-13,7095,取得失敗(理由不明・一括ダウンロードから欠落)
2026-07-13,7105,取得失敗(理由不明・一括ダウンロードから欠落)
2026-07-13,7116,取得失敗(理由不明・一括ダウンロードから欠落)
2026-07-13,7119,取得失敗(理由不明・一括ダウンロードから欠落)
2026-07-13,7126,取得失敗(理由不明・一括ダウンロードから欠落)
2026-07-13,7131,取得失敗(理由不明・一括ダウンロードから欠落)
2026-07-13,7161,取得失敗(理由不明・一括ダウンロードから欠落)
2026-07-13,7164,取得失敗(理由不明・一括ダウンロードから欠落)
2026-07-13,7167,取得失敗(理由不明・一括ダウンロードから欠落)
2026-07-13,7173,取得失敗(理由不明・一括ダウンロードから欠落)
2026-07-13,7177,取得失敗(理由不明・一括ダウンロードから欠落)
2026-07-13,7182,取得失敗(理由不明・一括ダウンロードから欠落)
2026-07-13,7184,取得失敗(理由不明・一括ダウンロードから欠落)
2026-07-13,7186,取得失敗(理由不明・一括ダウンロードから欠落)
2026-07-13,7191,取得失敗(理由不明・一括ダウンロードから欠落)
2026-07-13,7192,取得失敗(理由不明・一括ダウンロードから欠落)
2026-07-13,7196,取得失敗(理由不明・一括ダウンロードから欠落)
2026-07-13,7201,取得失敗(理由不明・一括ダウンロードから欠落)
2026-07-13,7205,取得失敗(理由不明・一括ダウンロードから欠落)
2026-07-13,7208,取得失敗(理由不明・一括ダウンロードから欠落)
2026-07-13,7213,取得失敗(理由不明・一括ダウンロードから欠落)
2026-07-13,7214,取得失敗(理由不明・一括ダウンロードから欠落)
2026-07-13,7215,取得失敗(理由不明・一括ダウンロードから欠落)
2026-07-13,7218,取得失敗(理由不明・一括ダウンロードから欠落)
2026-07-13,7219,取得失敗(理由不明・一括ダウンロードから欠落)
2026-07-13,7226,取得失敗(理由不明・一括ダウンロードから欠落)
2026-07-13,7228,取得失敗(理由不明・一括ダウンロードから欠落)
2026-07-13,7229,取得失敗(理由不明・一括ダウンロードから欠落)
2026-07-13,7231,取得失敗(理由不明・一括ダウンロードから欠落)
2026-07-13,7238,取得失敗(理由不明・一括ダウンロードから欠落)
2026-07-13,7239,取得失敗(理由不明・一括ダウンロードから欠落)
2026-07-13,7244,取得失敗(理由不明・一括ダウンロードから欠落)
2026-07-13,7246,取得失敗(理由不明・一括ダウンロードから欠落)
2026-07-13,7247,取得失敗(理由不明・一括ダウンロードから欠落)
2026-07-13,7250,取得失敗(理由不明・一括ダウンロードから欠落)
2026-07-13,7255,取得失敗(理由不明・一括ダウンロードから欠落)
2026-07-13,7256,取得失敗(理由不明・一括ダウンロードから欠落)
2026-07-13,7261,取得失敗(理由不明・一括ダウンロードから欠落)
2026-07-13,7264,取得失敗(理由不明・一括ダウンロードから欠落)
2026-07-13,7265,取得失敗(理由不明・一括ダウンロードから欠落)
2026-07-13,7267,取得失敗(理由不明・一括ダウンロードから欠落)
2026-07-13,7272,取得失敗(理由不明・一括ダウンロードから欠落)
2026-07-13,7273,取得失敗(理由不明・一括ダウンロードから欠落)
2026-07-13,7278,取得失敗(理由不明・一括ダウンロードから欠落)
2026-07-13,7279,取得失敗(理由不明・一括ダウンロードから欠落)
2026-07-13,7280,取得失敗(理由不明・一括ダウンロードから欠落)
2026-07-13,7287,取得失敗(理由不明・一括ダウンロードから欠落)
2026-07-13,7291,取得失敗(理由不明・一括ダウンロードから欠落)
2026-07-13,7409,取得失敗(理由不明・一括ダウンロードから欠落)
2026-07-13,7413,取得失敗(理由不明・一括ダウンロードから欠落)
2026-07-13,7414,取得失敗(理由不明・一括ダウンロードから欠落)
2026-07-13,7416,取得失敗(理由不明・一括ダウンロードから欠落)
2026-07-13,7417,取得失敗(理由不明・一括ダウンロードから欠落)
2026-07-13,7419,取得失敗(理由不明・一括ダウンロードから欠落)
2026-07-13,7420,取得失敗(理由不明・一括ダウンロードから欠落)
2026-07-13,7422,取得失敗(理由不明・一括ダウンロードから欠落)
2026-07-13,7425,取得失敗(理由不明・一括ダウンロードから欠落)
2026-07-13,7426,取得失敗(理由不明・一括ダウンロードから欠落)
2026-07-13,7427,取得失敗(理由不明・一括ダウンロードから欠落)
2026-07-13,7434,取得失敗(理由不明・一括ダウンロードから欠落)
2026-07-13,7438,取得失敗(理由不明・一括ダウンロードから欠落)
2026-07-13,7442,取得失敗(理由不明・一括ダウンロードから欠落)
2026-07-13,7443,取得失敗(理由不明・一括ダウンロードから欠落)
2026-07-13,7444,取得失敗(理由不明・一括ダウンロードから欠落)
2026-07-13,7445,取得失敗(理由不明・一括ダウンロードから欠落)
2026-07-13,7446,取得失敗(理由不明・一括ダウンロードから欠落)
2026-07-13,7450,取得失敗(理由不明・一括ダウンロードから欠落)
2026-07-13,7453,取得失敗(理由不明・一括ダウンロードから欠落)
2026-07-13,7455,取得失敗(理由不明・一括ダウンロードから欠落)
2026-07-13,7456,取得失敗(理由不明・一括ダウンロードから欠落)
2026-07-13,7458,取得失敗(理由不明・一括ダウンロードから欠落)
2026-07-13,7459,取得失敗(理由不明・一括ダウンロードから欠落)
2026-07-13,7460,取得失敗(理由不明・一括ダウンロードから欠落)
2026-07-13,7461,取得失敗(理由不明・一括ダウンロードから欠落)
2026-07-13,7462,取得失敗(理由不明・一括ダウンロードから欠落)
2026-07-13,7463,取得失敗(理由不明・一括ダウンロードから欠落)
2026-07-13,7464,取得失敗(理由不明・一括ダウンロードから欠落)
2026-07-13,7466,取得失敗(理由不明・一括ダウンロードから欠落)
2026-07-13,7467,取得失敗(理由不明・一括ダウンロードから欠落)
2026-07-13,7472,取得失敗(理由不明・一括ダウンロードから欠落)
2026-07-13,7475,取得失敗(理由不明・一括ダウンロードから欠落)
2026-07-13,7476,取得失敗(理由不明・一括ダウンロードから欠落)
2026-07-13,7477,取得失敗(理由不明・一括ダウンロードから欠落)
2026-07-13,7480,取得失敗(理由不明・一括ダウンロードから欠落)
2026-07-13,7481,取得失敗(理由不明・一括ダウンロードから欠落)
2026-07-13,7482,取得失敗(理由不明・一括ダウンロードから欠落)
2026-07-13,7483,取得失敗(理由不明・一括ダウンロードから欠落)
2026-07-13,7486,取得失敗(理由不明・一括ダウンロードから欠落)
2026-07-13,7487,取得失敗(理由不明・一括ダウンロードから欠落)
2026-07-13,7490,取得失敗(理由不明・一括ダウンロードから欠落)
2026-07-13,7494,取得失敗(理由不明・一括ダウンロードから欠落)
2026-07-13,7501,取得失敗(理由不明・一括ダウンロードから欠落)
2026-07-13,7502,取得失敗(理由不明・一括ダウンロードから欠落)
2026-07-13,7504,取得失敗(理由不明・一括ダウンロードから欠落)
2026-07-13,7505,取得失敗(理由不明・一括ダウンロードから欠落)
2026-07-13,7611,取得失敗(理由不明・一括ダウンロードから欠落)
2026-07-13,7613,取得失敗(理由不明・一括ダウンロードから欠落)
2026-07-13,7614,取得失敗(理由不明・一括ダウンロードから欠落)
2026-07-13,7615,取得失敗(理由不明・一括ダウンロードから欠落)
2026-07-13,7616,取得失敗(理由不明・一括ダウンロードから欠落)
2026-07-13,7619,取得失敗(理由不明・一括ダウンロードから欠落)
2026-07-13,7621,取得失敗(理由不明・一括ダウンロードから欠落)
2026-07-13,7625,取得失敗(理由不明・一括ダウンロードから欠落)
2026-07-13,7628,取得失敗(理由不明・一括ダウンロードから欠落)
2026-07-13,7630,取得失敗(理由不明・一括ダウンロードから欠落)
2026-07-13,7634,取得失敗(理由不明・一括ダウンロードから欠落)
2026-07-13,7635,取得失敗(理由不明・一括ダウンロードから欠落)
2026-07-13,7636,取得失敗(理由不明・一括ダウンロードから欠落)
2026-07-13,7638,取得失敗(理由不明・一括ダウンロードから欠落)
2026-07-13,7646,取得失敗(理由不明・一括ダウンロードから欠落)
2026-07-13,7649,取得失敗(理由不明・一括ダウンロードから欠落)
2026-07-13,7670,取得失敗(理由不明・一括ダウンロードから欠落)
2026-07-13,7673,取得失敗(理由不明・一括ダウンロードから欠落)
2026-07-13,7677,取得失敗(理由不明・一括ダウンロードから欠落)
2026-07-13,7678,取得失敗(理由不明・一括ダウンロードから欠落)
2026-07-13,7679,取得失敗(理由不明・一括ダウンロードから欠落)
2026-07-13,7681,取得失敗(理由不明・一括ダウンロードから欠落)
2026-07-13,7682,取得失敗(理由不明・一括ダウンロードから欠落)
2026-07-13,7683,取得失敗(理由不明・一括ダウンロードから欠落)
2026-07-13,7685,取得失敗(理由不明・一括ダウンロードから欠落)
2026-07-13,7686,取得失敗(理由不明・一括ダウンロードから欠落)
2026-07-13,7687,取得失敗(理由不明・一括ダウンロードから欠落)
2026-07-13,7692,取得失敗(理由不明・一括ダウンロードから欠落)
2026-07-13,7694,取得失敗(理由不明・一括ダウンロードから欠落)
2026-07-13,7695,取得失敗(理由不明・一括ダウンロードから欠落)
2026-07-13,7698,取得失敗(理由不明・一括ダウンロードから欠落)
2026-07-13,7701,取得失敗(理由不明・一括ダウンロードから欠落)
2026-07-13,7702,取得失敗(理由不明・一括ダウンロードから欠落)
2026-07-13,7707,取得失敗(理由不明・一括ダウンロードから欠落)
2026-07-13,7711,取得失敗(理由不明・一括ダウンロードから欠落)
2026-07-13,7715,取得失敗(理由不明・一括ダウンロードから欠落)
2026-07-13,7716,取得失敗(理由不明・一括ダウンロードから欠落)
2026-07-13,7717,取得失敗(理由不明・一括ダウンロードから欠落)
2026-07-13,7718,取得失敗(理由不明・一括ダウンロードから欠落)
2026-07-13,7723,取得失敗(理由不明・一括ダウンロードから欠落)
2026-07-13,7725,取得失敗(理由不明・一括ダウンロードから欠落)
2026-07-13,7726,取得失敗(理由不明・一括ダウンロードから欠落)
2026-07-13,7727,取得失敗(理由不明・一括ダウンロードから欠落)
2026-07-13,7729,取得失敗(理由不明・一括ダウンロードから欠落)
2026-07-13,7730,取得失敗(理由不明・一括ダウンロードから欠落)
2026-07-13,7732,取得失敗(理由不明・一括ダウンロードから欠落)
2026-07-13,7733,取得失敗(理由不明・一括ダウンロードから欠落)
2026-07-13,7734,取得失敗(理由不明・一括ダウンロードから欠落)
2026-07-13,7735,取得失敗(理由不明・一括ダウンロードから欠落)
2026-07-13,7739,取得失敗(理由不明・一括ダウンロードから欠落)
2026-07-13,7740,取得失敗(理由不明・一括ダウンロードから欠落)
2026-07-13,7741,取得失敗(理由不明・一括ダウンロードから欠落)
2026-07-13,7743,取得失敗(理由不明・一括ダウンロードから欠落)
2026-07-13,7744,取得失敗(理由不明・一括ダウンロードから欠落)
2026-07-13,7745,取得失敗(理由不明・一括ダウンロードから欠落)
2026-07-13,7746,取得失敗(理由不明・一括ダウンロードから欠落)
2026-07-13,7747,取得失敗(理由不明・一括ダウンロードから欠落)
2026-07-13,7749,取得失敗(理由不明・一括ダウンロードから欠落)
2026-07-13,7751,取得失敗(理由不明・一括ダウンロードから欠落)
2026-07-13,7760,取得失敗(理由不明・一括ダウンロードから欠落)
2026-07-13,7762,取得失敗(理由不明・一括ダウンロードから欠落)
2026-07-13,7769,取得失敗(理由不明・一括ダウンロードから欠落)
2026-07-13,7771,取得失敗(理由不明・一括ダウンロードから欠落)
2026-07-13,7774,取得失敗(理由不明・一括ダウンロードから欠落)
2026-07-13,7775,取得失敗(理由不明・一括ダウンロードから欠落)
2026-07-13,7776,取得失敗(理由不明・一括ダウンロードから欠落)
2026-07-13,7777,取得失敗(理由不明・一括ダウンロードから欠落)
2026-07-13,7780,取得失敗(理由不明・一括ダウンロードから欠落)
2026-07-13,7781,取得失敗(理由不明・一括ダウンロードから欠落)
2026-07-13,7782,取得失敗(理由不明・一括ダウンロードから欠落)
2026-07-13,7791,取得失敗(理由不明・一括ダウンロードから欠落)
2026-07-13,7792,取得失敗(理由不明・一括ダウンロードから欠落)
2026-07-13,7793,取得失敗(理由不明・一括ダウンロードから欠落)
2026-07-13,7794,取得失敗(理由不明・一括ダウンロードから欠落)
2026-07-13,7795,取得失敗(理由不明・一括ダウンロードから欠落)
2026-07-13,7800,取得失敗(理由不明・一括ダウンロードから欠落)
2026-07-13,7803,取得失敗(理由不明・一括ダウンロードから欠落)
2026-07-13,7804,取得失敗(理由不明・一括ダウンロードから欠落)
2026-07-13,7805,取得失敗(理由不明・一括ダウンロードから欠落)
2026-07-13,7806,取得失敗(理由不明・一括ダウンロードから欠落)
2026-07-13,7807,取得失敗(理由不明・一括ダウンロードから欠落)
2026-07-13,7808,取得失敗(理由不明・一括ダウンロードから欠落)
2026-07-13,7809,取得失敗(理由不明・一括ダウンロードから欠落)
2026-07-13,7810,取得失敗(理由不明・一括ダウンロードから欠落)
2026-07-13,7811,取得失敗(理由不明・一括ダウンロードから欠落)
2026-07-13,7812,取得失敗(理由不明・一括ダウンロードから欠落)
2026-07-13,7813,取得失敗(理由不明・一括ダウンロードから欠落)
2026-07-13,7815,取得失敗(理由不明・一括ダウンロードから欠落)
2026-07-13,7817,取得失敗(理由不明・一括ダウンロードから欠落)
2026-07-13,7818,取得失敗(理由不明・一括ダウンロードから欠落)
2026-07-13,7851,取得失敗(理由不明・一括ダウンロードから欠落)
2026-07-13,7922,取得失敗(理由不明・一括ダウンロードから欠落)
2026-07-13,7923,取得失敗(理由不明・一括ダウンロードから欠落)
2026-07-13,7925,取得失敗(理由不明・一括ダウンロードから欠落)
2026-07-13,7928,取得失敗(理由不明・一括ダウンロードから欠落)
2026-07-13,7931,取得失敗(理由不明・一括ダウンロードから欠落)
2026-07-13,7937,取得失敗(理由不明・一括ダウンロードから欠落)
2026-07-13,7938,取得失敗(理由不明・一括ダウンロードから欠落)
2026-07-13,7940,取得失敗(理由不明・一括ダウンロードから欠落)
2026-07-13,7944,取得失敗(理由不明・一括ダウンロードから欠落)
2026-07-13,7951,取得失敗(理由不明・一括ダウンロードから欠落)
2026-07-13,7956,取得失敗(理由不明・一括ダウンロードから欠落)
2026-07-13,7957,取得失敗(理由不明・一括ダウンロードから欠落)
2026-07-13,7963,取得失敗(理由不明・一括ダウンロードから欠落)
2026-07-13,7965,取得失敗(理由不明・一括ダウンロードから欠落)
2026-07-13,7966,取得失敗(理由不明・一括ダウンロードから欠落)
2026-07-13,7971,取得失敗(理由不明・一括ダウンロードから欠落)
2026-07-13,7975,取得失敗(理由不明・一括ダウンロードから欠落)
2026-07-13,7979,取得失敗(理由不明・一括ダウンロードから欠落)
2026-07-13,7980,取得失敗(理由不明・一括ダウンロードから欠落)
2026-07-13,7981,取得失敗(理由不明・一括ダウンロードから欠落)
2026-07-13,7985,取得失敗(理由不明・一括ダウンロードから欠落)
2026-07-13,7987,取得失敗(理由不明・一括ダウンロードから欠落)
2026-07-13,7988,取得失敗(理由不明・一括ダウンロードから欠落)
2026-07-13,7990,取得失敗(理由不明・一括ダウンロードから欠落)
2026-07-13,7999,取得失敗(理由不明・一括ダウンロードから欠落)
2026-07-13,8002,取得失敗(理由不明・一括ダウンロードから欠落)
2026-07-13,8013,取得失敗(理由不明・一括ダウンロードから欠落)
2026-07-13,8014,取得失敗(理由不明・一括ダウンロードから欠落)
2026-07-13,8018,取得失敗(理由不明・一括ダウンロードから欠落)
2026-07-13,8025,取得失敗(理由不明・一括ダウンロードから欠落)
2026-07-13,8029,取得失敗(理由不明・一括ダウンロードから欠落)
2026-07-13,8030,取得失敗(理由不明・一括ダウンロードから欠落)
2026-07-13,8031,取得失敗(理由不明・一括ダウンロードから欠落)
2026-07-13,8040,取得失敗(理由不明・一括ダウンロードから欠落)
2026-07-13,8045,取得失敗(理由不明・一括ダウンロードから欠落)
2026-07-13,8050,取得失敗(理由不明・一括ダウンロードから欠落)
2026-07-13,8052,取得失敗(理由不明・一括ダウンロードから欠落)
2026-07-13,8056,取得失敗(理由不明・一括ダウンロードから欠落)
2026-07-13,8057,取得失敗(理由不明・一括ダウンロードから欠落)
2026-07-13,8059,取得失敗(理由不明・一括ダウンロードから欠落)
2026-07-13,8065,取得失敗(理由不明・一括ダウンロードから欠落)
2026-07-13,8066,取得失敗(理由不明・一括ダウンロードから欠落)
2026-07-13,8070,取得失敗(理由不明・一括ダウンロードから欠落)
2026-07-13,8074,取得失敗(理由不明・一括ダウンロードから欠落)
2026-07-13,8089,取得失敗(理由不明・一括ダウンロードから欠落)
2026-07-13,8185,取得失敗(理由不明・一括ダウンロードから欠落)
2026-07-13,8209,取得失敗(理由不明・一括ダウンロードから欠落)
2026-07-13,8214,取得失敗(理由不明・一括ダウンロードから欠落)
2026-07-13,8219,取得失敗(理由不明・一括ダウンロードから欠落)
2026-07-13,8226,取得失敗(理由不明・一括ダウンロードから欠落)
2026-07-13,8308,取得失敗(理由不明・一括ダウンロードから欠落)
2026-07-13,8364,取得失敗(理由不明・一括ダウンロードから欠落)
2026-07-13,8366,取得失敗(理由不明・一括ダウンロードから欠落)
2026-07-13,8383,取得失敗(理由不明・一括ダウンロードから欠落)
2026-07-13,8399,取得失敗(理由不明・一括ダウンロードから欠落)
2026-07-13,8410,取得失敗(理由不明・一括ダウンロードから欠落)
2026-07-13,8416,取得失敗(理由不明・一括ダウンロードから欠落)
2026-07-13,8439,取得失敗(理由不明・一括ダウンロードから欠落)
2026-07-13,8473,取得失敗(理由不明・一括ダウンロードから欠落)
2026-07-13,8508,取得失敗(理由不明・一括ダウンロードから欠落)
2026-07-13,8515,取得失敗(理由不明・一括ダウンロードから欠落)
2026-07-13,8541,取得失敗(理由不明・一括ダウンロードから欠落)
2026-07-13,8550,取得失敗(理由不明・一括ダウンロードから欠落)
2026-07-13,8585,取得失敗(理由不明・一括ダウンロードから欠落)
2026-07-13,8600,取得失敗(理由不明・一括ダウンロードから欠落)
2026-07-13,8609,取得失敗(理由不明・一括ダウンロードから欠落)
2026-07-13,8614,取得失敗(理由不明・一括ダウンロードから欠落)
2026-07-13,8630,取得失敗(理由不明・一括ダウンロードから欠落)
2026-07-13,8700,取得失敗(理由不明・一括ダウンロードから欠落)
2026-07-13,8706,取得失敗(理由不明・一括ダウンロードから欠落)
2026-07-13,8725,取得失敗(理由不明・一括ダウンロードから欠落)
2026-07-13,8737,取得失敗(理由不明・一括ダウンロードから欠落)
2026-07-13,8769,取得失敗(理由不明・一括ダウンロードから欠落)
2026-07-13,8771,取得失敗(理由不明・一括ダウンロードから欠落)
2026-07-13,8914,取得失敗(理由不明・一括ダウンロードから欠落)
2026-07-13,8940,取得失敗(理由不明・一括ダウンロードから欠落)
2026-07-13,9067,取得失敗(理由不明・一括ダウンロードから欠落)
2026-07-13,9307,取得失敗(理由不明・一括ダウンロードから欠落)
2026-07-13,9308,取得失敗(理由不明・一括ダウンロードから欠落)
2026-07-13,9311,取得失敗(理由不明・一括ダウンロードから欠落)
2026-07-13,9319,取得失敗(理由不明・一括ダウンロードから欠落)
2026-07-13,9322,取得失敗(理由不明・一括ダウンロードから欠落)
2026-07-13,9325,取得失敗(理由不明・一括ダウンロードから欠落)
2026-07-13,9326,取得失敗(理由不明・一括ダウンロードから欠落)
2026-07-13,9327,取得失敗(理由不明・一括ダウンロードから欠落)
2026-07-13,9331,取得失敗(理由不明・一括ダウンロードから欠落)
2026-07-13,9332,取得失敗(理由不明・一括ダウンロードから欠落)
2026-07-13,9336,取得失敗(理由不明・一括ダウンロードから欠落)
2026-07-13,9337,取得失敗(理由不明・一括ダウンロードから欠落)
2026-07-13,9338,取得失敗(理由不明・一括ダウンロードから欠落)
2026-07-13,9339,取得失敗(理由不明・一括ダウンロードから欠落)
2026-07-13,9341,取得失敗(理由不明・一括ダウンロードから欠落)
2026-07-13,9343,取得失敗(理由不明・一括ダウンロードから欠落)
2026-07-13,9344,取得失敗(理由不明・一括ダウンロードから欠落)
2026-07-13,9347,取得失敗(理由不明・一括ダウンロードから欠落)
2026-07-13,9351,取得失敗(理由不明・一括ダウンロードから欠落)
2026-07-13,9353,取得失敗(理由不明・一括ダウンロードから欠落)
2026-07-13,9355,取得失敗(理由不明・一括ダウンロードから欠落)
2026-07-13,9360,取得失敗(理由不明・一括ダウンロードから欠落)
2026-07-13,9361,取得失敗(理由不明・一括ダウンロードから欠落)
2026-07-13,9362,取得失敗(理由不明・一括ダウンロードから欠落)
2026-07-13,9364,取得失敗(理由不明・一括ダウンロードから欠落)
2026-07-13,9367,取得失敗(理由不明・一括ダウンロードから欠落)
2026-07-13,9368,取得失敗(理由不明・一括ダウンロードから欠落)
2026-07-13,9369,取得失敗(理由不明・一括ダウンロードから欠落)
2026-07-13,9381,取得失敗(理由不明・一括ダウンロードから欠落)
2026-07-13,9386,取得失敗(理由不明・一括ダウンロードから欠落)
2026-07-13,9401,取得失敗(理由不明・一括ダウンロードから欠落)
2026-07-13,9405,取得失敗(理由不明・一括ダウンロードから欠落)
2026-07-13,9408,取得失敗(理由不明・一括ダウンロードから欠落)
2026-07-13,9412,取得失敗(理由不明・一括ダウンロードから欠落)
2026-07-13,9413,取得失敗(理由不明・一括ダウンロードから欠落)
2026-07-13,9414,取得失敗(理由不明・一括ダウンロードから欠落)
2026-07-13,9416,取得失敗(理由不明・一括ダウンロードから欠落)
2026-07-13,9417,取得失敗(理由不明・一括ダウンロードから欠落)
2026-07-13,9418,取得失敗(理由不明・一括ダウンロードから欠落)
2026-07-13,9419,取得失敗(理由不明・一括ダウンロードから欠落)
2026-07-13,9424,取得失敗(理由不明・一括ダウンロードから欠落)
2026-07-13,94346,取得失敗(理由不明・一括ダウンロードから欠落)
2026-07-13,9438,取得失敗(理由不明・一括ダウンロードから欠落)
2026-07-13,9441,取得失敗(理由不明・一括ダウンロードから欠落)
2026-07-13,9444,取得失敗(理由不明・一括ダウンロードから欠落)
2026-07-13,9445,取得失敗(理由不明・一括ダウンロードから欠落)
2026-07-13,9502,取得失敗(理由不明・一括ダウンロードから欠落)
2026-07-13,9507,取得失敗(理由不明・一括ダウンロードから欠落)
2026-07-13,9509,取得失敗(理由不明・一括ダウンロードから欠落)
2026-07-13,9533,取得失敗(理由不明・一括ダウンロードから欠落)
2026-07-13,9536,取得失敗(理由不明・一括ダウンロードから欠落)
2026-07-13,9537,取得失敗(理由不明・一括ダウンロードから欠落)
2026-07-13,9543,取得失敗(理由不明・一括ダウンロードから欠落)
2026-07-13,9557,取得失敗(理由不明・一括ダウンロードから欠落)
2026-07-13,9563,取得失敗(理由不明・一括ダウンロードから欠落)
2026-07-13,9565,取得失敗(理由不明・一括ダウンロードから欠落)
2026-07-13,9600,取得失敗(理由不明・一括ダウンロードから欠落)
2026-07-13,9610,取得失敗(理由不明・一括ダウンロードから欠落)
2026-07-13,9616,取得失敗(理由不明・一括ダウンロードから欠落)
2026-07-13,9633,取得失敗(理由不明・一括ダウンロードから欠落)
2026-07-13,9640,取得失敗(理由不明・一括ダウンロードから欠落)
2026-07-13,9647,取得失敗(理由不明・一括ダウンロードから欠落)
2026-07-13,9651,取得失敗(理由不明・一括ダウンロードから欠落)
2026-07-13,9656,取得失敗(理由不明・一括ダウンロードから欠落)
2026-07-13,9661,取得失敗(理由不明・一括ダウンロードから欠落)
2026-07-13,9663,取得失敗(理由不明・一括ダウンロードから欠落)
2026-07-13,9678,取得失敗(理由不明・一括ダウンロードから欠落)
2026-07-13,9679,取得失敗(理由不明・一括ダウンロードから欠落)
2026-07-13,9684,取得失敗(理由不明・一括ダウンロードから欠落)
2026-07-13,9685,取得失敗(理由不明・一括ダウンロードから欠落)
2026-07-13,9686,取得失敗(理由不明・一括ダウンロードから欠落)
2026-07-13,9687,取得失敗(理由不明・一括ダウンロードから欠落)
2026-07-13,9692,取得失敗(理由不明・一括ダウンロードから欠落)
2026-07-13,9698,取得失敗(理由不明・一括ダウンロードから欠落)
2026-07-13,9699,取得失敗(理由不明・一括ダウンロードから欠落)
2026-07-13,9702,取得失敗(理由不明・一括ダウンロードから欠落)
2026-07-13,9704,取得失敗(理由不明・一括ダウンロードから欠落)
2026-07-13,9708,取得失敗(理由不明・一括ダウンロードから欠落)
2026-07-13,9709,取得失敗(理由不明・一括ダウンロードから欠落)
2026-07-13,9713,取得失敗(理由不明・一括ダウンロードから欠落)
2026-07-13,9715,取得失敗(理由不明・一括ダウンロードから欠落)
2026-07-13,9716,取得失敗(理由不明・一括ダウンロードから欠落)
2026-07-13,9719,取得失敗(理由不明・一括ダウンロードから欠落)
2026-07-13,9720,取得失敗(理由不明・一括ダウンロードから欠落)
2026-07-13,9722,取得失敗(理由不明・一括ダウンロードから欠落)
2026-07-13,9723,取得失敗(理由不明・一括ダウンロードから欠落)
2026-07-13,9731,取得失敗(理由不明・一括ダウンロードから欠落)
2026-07-13,9733,取得失敗(理由不明・一括ダウンロードから欠落)
2026-07-13,9739,取得失敗(理由不明・一括ダウンロードから欠落)
2026-07-13,9744,取得失敗(理由不明・一括ダウンロードから欠落)
2026-07-13,9753,取得失敗(理由不明・一括ダウンロードから欠落)
2026-07-13,9755,取得失敗(理由不明・一括ダウンロードから欠落)
2026-07-13,9757,取得失敗(理由不明・一括ダウンロードから欠落)
2026-07-13,9759,取得失敗(理由不明・一括ダウンロードから欠落)
2026-07-13,9760,取得失敗(理由不明・一括ダウンロードから欠落)
2026-07-13,9761,取得失敗(理由不明・一括ダウンロードから欠落)
2026-07-13,9765,取得失敗(理由不明・一括ダウンロードから欠落)
2026-07-13,9767,取得失敗(理由不明・一括ダウンロードから欠落)
2026-07-13,9768,取得失敗(理由不明・一括ダウンロードから欠落)
2026-07-13,9769,取得失敗(理由不明・一括ダウンロードから欠落)
2026-07-13,9776,取得失敗(理由不明・一括ダウンロードから欠落)
2026-07-13,9780,取得失敗(理由不明・一括ダウンロードから欠落)
2026-07-13,9914,取得失敗(理由不明・一括ダウンロードから欠落)
2026-07-13,9927,取得失敗(理由不明・一括ダウンロードから欠落)
2026-07-13,165A,取得失敗(理由不明・一括ダウンロードから欠落)
2026-07-13,1712,取得失敗(理由不明・一括ダウンロードから欠落)
2026-07-13,1726,取得失敗(理由不明・一括ダウンロードから欠落)
2026-07-13,1743,取得失敗(理由不明・一括ダウンロードから欠落)
2026-07-13,176A,取得失敗(理由不明・一括ダウンロードから欠落)
2026-07-13,1776,取得失敗(理由不明・一括ダウンロードから欠落)
2026-07-13,1821,取得失敗(理由不明・一括ダウンロードから欠落)
2026-07-13,1841,取得失敗(理由不明・一括ダウンロードから欠落)
2026-07-13,1890,取得失敗(理由不明・一括ダウンロードから欠落)
2026-07-13,1949,取得失敗(理由不明・一括ダウンロードから欠落)
2026-07-13,202A,取得失敗(理由不明・一括ダウンロードから欠落)
2026-07-13,2150,取得失敗(理由不明・一括ダウンロードから欠落)
2026-07-13,2196,取得失敗(理由不明・一括ダウンロードから欠落)
2026-07-13,2344,取得失敗(理由不明・一括ダウンロードから欠落)
2026-07-13,2374,取得失敗(理由不明・一括ダウンロードから欠落)
2026-07-13,2389,取得失敗(理由不明・一括ダウンロードから欠落)
2026-07-13,2540,取得失敗(理由不明・一括ダウンロードから欠落)
2026-07-13,2686,取得失敗(理由不明・一括ダウンロードから欠落)
2026-07-13,2692,取得失敗(理由不明・一括ダウンロードから欠落)
2026-07-13,2743,取得失敗(理由不明・一括ダウンロードから欠落)
2026-07-13,3073,取得失敗(理由不明・一括ダウンロードから欠落)
2026-07-13,3094,取得失敗(理由不明・一括ダウンロードから欠落)
2026-07-13,3141,取得失敗(理由不明・一括ダウンロードから欠落)
2026-07-13,3294,取得失敗(理由不明・一括ダウンロードから欠落)
2026-07-13,3341,取得失敗(理由不明・一括ダウンロードから欠落)
2026-07-13,3526,取得失敗(理由不明・一括ダウンロードから欠落)
2026-07-13,3540,取得失敗(理由不明・一括ダウンロードから欠落)
2026-07-13,3541,取得失敗(理由不明・一括ダウンロードから欠落)
2026-07-13,3546,取得失敗(理由不明・一括ダウンロードから欠落)
2026-07-13,3593,取得失敗(理由不明・一括ダウンロードから欠落)
2026-07-13,3655,取得失敗(理由不明・一括ダウンロードから欠落)
2026-07-13,3670,取得失敗(理由不明・一括ダウンロードから欠落)
2026-07-13,3688,取得失敗(理由不明・一括ダウンロードから欠落)
2026-07-13,3847,取得失敗(理由不明・一括ダウンロードから欠落)
2026-07-13,3902,取得失敗(理由不明・一括ダウンロードから欠落)
2026-07-13,3924,取得失敗(理由不明・一括ダウンロードから欠落)
2026-07-13,3961,取得失敗(理由不明・一括ダウンロードから欠落)
2026-07-13,4080,取得失敗(理由不明・一括ダウンロードから欠落)
2026-07-13,4319,取得失敗(理由不明・一括ダウンロードから欠落)
2026-07-13,4333,取得失敗(理由不明・一括ダウンロードから欠落)
2026-07-13,4384,取得失敗(理由不明・一括ダウンロードから欠落)
2026-07-13,4494,取得失敗(理由不明・一括ダウンロードから欠落)
2026-07-13,4530,取得失敗(理由不明・一括ダウンロードから欠落)
2026-07-13,4556,取得失敗(理由不明・一括ダウンロードから欠落)
2026-07-13,4659,取得失敗(理由不明・一括ダウンロードから欠落)
2026-07-13,4690,取得失敗(理由不明・一括ダウンロードから欠落)
2026-07-13,4745,取得失敗(理由不明・一括ダウンロードから欠落)
2026-07-13,4917,取得失敗(理由不明・一括ダウンロードから欠落)
2026-07-13,4957,取得失敗(理由不明・一括ダウンロードから欠落)
2026-07-13,4974,取得失敗(理由不明・一括ダウンロードから欠落)
2026-07-13,5017,取得失敗(理由不明・一括ダウンロードから欠落)
2026-07-13,5070,取得失敗(理由不明・一括ダウンロードから欠落)
2026-07-13,5191,取得失敗(理由不明・一括ダウンロードから欠落)
2026-07-13,5259,取得失敗(理由不明・一括ダウンロードから欠落)
2026-07-13,5352,取得失敗(理由不明・一括ダウンロードから欠落)
2026-07-13,5386,取得失敗(理由不明・一括ダウンロードから欠落)
2026-07-13,5476,取得失敗(理由不明・一括ダウンロードから欠落)
2026-07-13,5577,取得失敗(理由不明・一括ダウンロードから欠落)
2026-07-13,5595,取得失敗(理由不明・一括ダウンロードから欠落)
2026-07-13,5596,取得失敗(理由不明・一括ダウンロードから欠落)
2026-07-13,5727,取得失敗(理由不明・一括ダウンロードから欠落)
2026-07-13,5856,取得失敗(理由不明・一括ダウンロードから欠落)
2026-07-13,6028,取得失敗(理由不明・一括ダウンロードから欠落)
2026-07-13,6060,取得失敗(理由不明・一括ダウンロードから欠落)
2026-07-13,6082,取得失敗(理由不明・一括ダウンロードから欠落)
2026-07-13,6085,取得失敗(理由不明・一括ダウンロードから欠落)
2026-07-13,6090,取得失敗(理由不明・一括ダウンロードから欠落)
2026-07-13,6092,取得失敗(理由不明・一括ダウンロードから欠落)
2026-07-13,6093,取得失敗(理由不明・一括ダウンロードから欠落)
2026-07-13,6098,取得失敗(理由不明・一括ダウンロードから欠落)
2026-07-13,6125,取得失敗(理由不明・一括ダウンロードから欠落)
2026-07-13,6135,取得失敗(理由不明・一括ダウンロードから欠落)
2026-07-13,6136,取得失敗(理由不明・一括ダウンロードから欠落)
2026-07-13,6141,取得失敗(理由不明・一括ダウンロードから欠落)
2026-07-13,6151,取得失敗(理由不明・一括ダウンロードから欠落)
2026-07-13,6158,取得失敗(理由不明・一括ダウンロードから欠落)
2026-07-13,6159,取得失敗(理由不明・一括ダウンロードから欠落)
2026-07-13,6173,取得失敗(理由不明・一括ダウンロードから欠落)
2026-07-13,6176,取得失敗(理由不明・一括ダウンロードから欠落)
2026-07-13,6178,取得失敗(理由不明・一括ダウンロードから欠落)
2026-07-13,6180,取得失敗(理由不明・一括ダウンロードから欠落)
2026-07-13,6182,取得失敗(理由不明・一括ダウンロードから欠落)
2026-07-13,6191,取得失敗(理由不明・一括ダウンロードから欠落)
2026-07-13,6194,取得失敗(理由不明・一括ダウンロードから欠落)
2026-07-13,6201,取得失敗(理由不明・一括ダウンロードから欠落)
2026-07-13,6209,取得失敗(理由不明・一括ダウンロードから欠落)
2026-07-13,6210,取得失敗(理由不明・一括ダウンロードから欠落)
2026-07-13,6223,取得失敗(理由不明・一括ダウンロードから欠落)
2026-07-13,6224,取得失敗(理由不明・一括ダウンロードから欠落)
2026-07-13,6227,取得失敗(理由不明・一括ダウンロードから欠落)
2026-07-13,6230,取得失敗(理由不明・一括ダウンロードから欠落)
2026-07-13,6233,取得失敗(理由不明・一括ダウンロードから欠落)
2026-07-13,6246,取得失敗(理由不明・一括ダウンロードから欠落)
2026-07-13,6249,取得失敗(理由不明・一括ダウンロードから欠落)
2026-07-13,6258,取得失敗(理由不明・一括ダウンロードから欠落)
2026-07-13,6262,取得失敗(理由不明・一括ダウンロードから欠落)
2026-07-13,6273,取得失敗(理由不明・一括ダウンロードから欠落)
2026-07-13,6282,取得失敗(理由不明・一括ダウンロードから欠落)
2026-07-13,6284,取得失敗(理由不明・一括ダウンロードから欠落)
2026-07-13,6286,取得失敗(理由不明・一括ダウンロードから欠落)
2026-07-13,6293,取得失敗(理由不明・一括ダウンロードから欠落)
2026-07-13,6297,取得失敗(理由不明・一括ダウンロードから欠落)
2026-07-13,6301,取得失敗(理由不明・一括ダウンロードから欠落)
2026-07-13,6312,取得失敗(理由不明・一括ダウンロードから欠落)
2026-07-13,6336,取得失敗(理由不明・一括ダウンロードから欠落)
2026-07-13,6337,取得失敗(理由不明・一括ダウンロードから欠落)
2026-07-13,6346,取得失敗(理由不明・一括ダウンロードから欠落)
2026-07-13,6347,取得失敗(理由不明・一括ダウンロードから欠落)
2026-07-13,6349,取得失敗(理由不明・一括ダウンロードから欠落)
2026-07-13,6356,取得失敗(理由不明・一括ダウンロードから欠落)
2026-07-13,6373,取得失敗(理由不明・一括ダウンロードから欠落)
2026-07-13,6378,取得失敗(理由不明・一括ダウンロードから欠落)
2026-07-13,6384,取得失敗(理由不明・一括ダウンロードから欠落)
2026-07-13,6403,取得失敗(理由不明・一括ダウンロードから欠落)
2026-07-13,6406,取得失敗(理由不明・一括ダウンロードから欠落)
2026-07-13,6408,取得失敗(理由不明・一括ダウンロードから欠落)
2026-07-13,6416,取得失敗(理由不明・一括ダウンロードから欠落)
2026-07-13,6417,取得失敗(理由不明・一括ダウンロードから欠落)
2026-07-13,6418,取得失敗(理由不明・一括ダウンロードから欠落)
2026-07-13,6420,取得失敗(理由不明・一括ダウンロードから欠落)
2026-07-13,6424,取得失敗(理由不明・一括ダウンロードから欠落)
2026-07-13,6436,取得失敗(理由不明・一括ダウンロードから欠落)
2026-07-13,6489,取得失敗(理由不明・一括ダウンロードから欠落)
2026-07-13,6533,取得失敗(理由不明・一括ダウンロードから欠落)
2026-07-13,6535,取得失敗(理由不明・一括ダウンロードから欠落)
2026-07-13,6537,取得失敗(理由不明・一括ダウンロードから欠落)
2026-07-13,6538,取得失敗(理由不明・一括ダウンロードから欠落)
2026-07-13,6539,取得失敗(理由不明・一括ダウンロードから欠落)
2026-07-13,6540,取得失敗(理由不明・一括ダウンロードから欠落)
2026-07-13,6542,取得失敗(理由不明・一括ダウンロードから欠落)
2026-07-13,6543,取得失敗(理由不明・一括ダウンロードから欠落)
2026-07-13,6544,取得失敗(理由不明・一括ダウンロードから欠落)
2026-07-13,6545,取得失敗(理由不明・一括ダウンロードから欠落)
2026-07-13,6546,取得失敗(理由不明・一括ダウンロードから欠落)
2026-07-13,6548,取得失敗(理由不明・一括ダウンロードから欠落)
2026-07-13,6549,取得失敗(理由不明・一括ダウンロードから欠落)
2026-07-13,6551,取得失敗(理由不明・一括ダウンロードから欠落)
2026-07-13,6552,取得失敗(理由不明・一括ダウンロードから欠落)
2026-07-13,6554,取得失敗(理由不明・一括ダウンロードから欠落)
2026-07-13,6555,取得失敗(理由不明・一括ダウンロードから欠落)
2026-07-13,6557,取得失敗(理由不明・一括ダウンロードから欠落)
2026-07-13,6558,取得失敗(理由不明・一括ダウンロードから欠落)
2026-07-13,6561,取得失敗(理由不明・一括ダウンロードから欠落)
2026-07-13,6562,取得失敗(理由不明・一括ダウンロードから欠落)
2026-07-13,6563,取得失敗(理由不明・一括ダウンロードから欠落)
2026-07-13,6564,取得失敗(理由不明・一括ダウンロードから欠落)
2026-07-13,6565,取得失敗(理由不明・一括ダウンロードから欠落)
2026-07-13,6566,取得失敗(理由不明・一括ダウンロードから欠落)
2026-07-13,6568,取得失敗(理由不明・一括ダウンロードから欠落)
2026-07-13,6570,取得失敗(理由不明・一括ダウンロードから欠落)
2026-07-13,6572,取得失敗(理由不明・一括ダウンロードから欠落)
2026-07-13,6573,取得失敗(理由不明・一括ダウンロードから欠落)
2026-07-13,6574,取得失敗(理由不明・一括ダウンロードから欠落)
2026-07-13,6577,取得失敗(理由不明・一括ダウンロードから欠落)
2026-07-13,6578,取得失敗(理由不明・一括ダウンロードから欠落)
2026-07-13,6579,取得失敗(理由不明・一括ダウンロードから欠落)
2026-07-13,6580,取得失敗(理由不明・一括ダウンロードから欠落)
2026-07-13,6584,取得失敗(理由不明・一括ダウンロードから欠落)
2026-07-13,6586,取得失敗(理由不明・一括ダウンロードから欠落)
2026-07-13,6588,取得失敗(理由不明・一括ダウンロードから欠落)
2026-07-13,6590,取得失敗(理由不明・一括ダウンロードから欠落)
2026-07-13,6592,取得失敗(理由不明・一括ダウンロードから欠落)
2026-07-13,6594,取得失敗(理由不明・一括ダウンロードから欠落)
2026-07-13,6597,取得失敗(理由不明・一括ダウンロードから欠落)
2026-07-13,6599,取得失敗(理由不明・一括ダウンロードから欠落)
2026-07-13,6613,取得失敗(理由不明・一括ダウンロードから欠落)
2026-07-13,6614,取得失敗(理由不明・一括ダウンロードから欠落)
2026-07-13,6615,取得失敗(理由不明・一括ダウンロードから欠落)
2026-07-13,6616,取得失敗(理由不明・一括ダウンロードから欠落)
2026-07-13,6617,取得失敗(理由不明・一括ダウンロードから欠落)
2026-07-13,6619,取得失敗(理由不明・一括ダウンロードから欠落)
2026-07-13,6620,取得失敗(理由不明・一括ダウンロードから欠落)
2026-07-13,6622,取得失敗(理由不明・一括ダウンロードから欠落)
2026-07-13,6625,取得失敗(理由不明・一括ダウンロードから欠落)
2026-07-13,6626,取得失敗(理由不明・一括ダウンロードから欠落)
2026-07-13,6627,取得失敗(理由不明・一括ダウンロードから欠落)
2026-07-13,6629,取得失敗(理由不明・一括ダウンロードから欠落)
2026-07-13,6632,取得失敗(理由不明・一括ダウンロードから欠落)
2026-07-13,6635,取得失敗(理由不明・一括ダウンロードから欠落)
2026-07-13,6637,取得失敗(理由不明・一括ダウンロードから欠落)
2026-07-13,6638,取得失敗(理由不明・一括ダウンロードから欠落)
2026-07-13,6644,取得失敗(理由不明・一括ダウンロードから欠落)
2026-07-13,6645,取得失敗(理由不明・一括ダウンロードから欠落)
2026-07-13,6647,取得失敗(理由不明・一括ダウンロードから欠落)
2026-07-13,6648,取得失敗(理由不明・一括ダウンロードから欠落)
2026-07-13,6654,取得失敗(理由不明・一括ダウンロードから欠落)
2026-07-13,6656,取得失敗(理由不明・一括ダウンロードから欠落)
2026-07-13,6662,取得失敗(理由不明・一括ダウンロードから欠落)
2026-07-13,6663,取得失敗(理由不明・一括ダウンロードから欠落)
2026-07-13,6664,取得失敗(理由不明・一括ダウンロードから欠落)
2026-07-13,6668,取得失敗(理由不明・一括ダウンロードから欠落)
2026-07-13,6670,取得失敗(理由不明・一括ダウンロードから欠落)
2026-07-13,6675,取得失敗(理由不明・一括ダウンロードから欠落)
2026-07-13,6676,取得失敗(理由不明・一括ダウンロードから欠落)
2026-07-13,6678,取得失敗(理由不明・一括ダウンロードから欠落)
2026-07-13,6694,取得失敗(理由不明・一括ダウンロードから欠落)
2026-07-13,6701,取得失敗(理由不明・一括ダウンロードから欠落)
2026-07-13,6702,取得失敗(理由不明・一括ダウンロードから欠落)
2026-07-13,6706,取得失敗(理由不明・一括ダウンロードから欠落)
2026-07-13,6707,取得失敗(理由不明・一括ダウンロードから欠落)
2026-07-13,6718,取得失敗(理由不明・一括ダウンロードから欠落)
2026-07-13,6721,取得失敗(理由不明・一括ダウンロードから欠落)
2026-07-13,6723,取得失敗(理由不明・一括ダウンロードから欠落)
2026-07-13,6724,取得失敗(理由不明・一括ダウンロードから欠落)
2026-07-13,6727,取得失敗(理由不明・一括ダウンロードから欠落)
2026-07-13,6730,取得失敗(理由不明・一括ダウンロードから欠落)
2026-07-13,6734,取得失敗(理由不明・一括ダウンロードから欠落)
2026-07-13,6838,取得失敗(理由不明・一括ダウンロードから欠落)
2026-07-13,6848,取得失敗(理由不明・一括ダウンロードから欠落)
2026-07-13,6850,取得失敗(理由不明・一括ダウンロードから欠落)
2026-07-13,6858,取得失敗(理由不明・一括ダウンロードから欠落)
2026-07-13,6864,取得失敗(理由不明・一括ダウンロードから欠落)
2026-07-13,6866,取得失敗(理由不明・一括ダウンロードから欠落)
2026-07-13,6867,取得失敗(理由不明・一括ダウンロードから欠落)
2026-07-13,6901,取得失敗(理由不明・一括ダウンロードから欠落)
2026-07-13,6902,取得失敗(理由不明・一括ダウンロードから欠落)
2026-07-13,6905,取得失敗(理由不明・一括ダウンロードから欠落)
2026-07-13,6908,取得失敗(理由不明・一括ダウンロードから欠落)
2026-07-13,6912,取得失敗(理由不明・一括ダウンロードから欠落)
2026-07-13,6915,取得失敗(理由不明・一括ダウンロードから欠落)
2026-07-13,6927,取得失敗(理由不明・一括ダウンロードから欠落)
2026-07-13,6930,取得失敗(理由不明・一括ダウンロードから欠落)
2026-07-13,6937,取得失敗(理由不明・一括ダウンロードから欠落)
2026-07-13,6942,取得失敗(理由不明・一括ダウンロードから欠落)
2026-07-13,6943,取得失敗(理由不明・一括ダウンロードから欠落)
2026-07-13,6946,取得失敗(理由不明・一括ダウンロードから欠落)
2026-07-13,6951,取得失敗(理由不明・一括ダウンロードから欠落)
2026-07-13,6952,取得失敗(理由不明・一括ダウンロードから欠落)
2026-07-13,6954,取得失敗(理由不明・一括ダウンロードから欠落)
2026-07-13,6955,取得失敗(理由不明・一括ダウンロードから欠落)
2026-07-13,6957,取得失敗(理由不明・一括ダウンロードから欠落)
2026-07-13,6958,取得失敗(理由不明・一括ダウンロードから欠落)
2026-07-13,6966,取得失敗(理由不明・一括ダウンロードから欠落)
2026-07-13,6969,取得失敗(理由不明・一括ダウンロードから欠落)
2026-07-13,6976,取得失敗(理由不明・一括ダウンロードから欠落)
2026-07-13,6977,取得失敗(理由不明・一括ダウンロードから欠落)
2026-07-13,6988,取得失敗(理由不明・一括ダウンロードから欠落)
2026-07-13,6995,取得失敗(理由不明・一括ダウンロードから欠落)
2026-07-13,6998,取得失敗(理由不明・一括ダウンロードから欠落)
2026-07-13,7003,取得失敗(理由不明・一括ダウンロードから欠落)
2026-07-13,7004,取得失敗(理由不明・一括ダウンロードから欠落)
2026-07-13,7011,取得失敗(理由不明・一括ダウンロードから欠落)
2026-07-13,7013,取得失敗(理由不明・一括ダウンロードから欠落)
2026-07-13,7021,取得失敗(理由不明・一括ダウンロードから欠落)
2026-07-13,7022,取得失敗(理由不明・一括ダウンロードから欠落)
2026-07-13,7030,取得失敗(理由不明・一括ダウンロードから欠落)
2026-07-13,7031,取得失敗(理由不明・一括ダウンロードから欠落)
2026-07-13,7035,取得失敗(理由不明・一括ダウンロードから欠落)
2026-07-13,7036,取得失敗(理由不明・一括ダウンロードから欠落)
2026-07-13,7037,取得失敗(理由不明・一括ダウンロードから欠落)
2026-07-13,7038,取得失敗(理由不明・一括ダウンロードから欠落)
2026-07-13,7039,取得失敗(理由不明・一括ダウンロードから欠落)
2026-07-13,7040,取得失敗(理由不明・一括ダウンロードから欠落)
2026-07-13,7042,取得失敗(理由不明・一括ダウンロードから欠落)
2026-07-13,7047,取得失敗(理由不明・一括ダウンロードから欠落)
2026-07-13,7048,取得失敗(理由不明・一括ダウンロードから欠落)
2026-07-13,7049,取得失敗(理由不明・一括ダウンロードから欠落)
2026-07-13,7050,取得失敗(理由不明・一括ダウンロードから欠落)
2026-07-13,7060,取得失敗(理由不明・一括ダウンロードから欠落)
2026-07-13,7061,取得失敗(理由不明・一括ダウンロードから欠落)
2026-07-13,7063,取得失敗(理由不明・一括ダウンロードから欠落)
2026-07-13,7064,取得失敗(理由不明・一括ダウンロードから欠落)
2026-07-13,7067,取得失敗(理由不明・一括ダウンロードから欠落)
2026-07-13,7068,取得失敗(理由不明・一括ダウンロードから欠落)
2026-07-13,7075,取得失敗(理由不明・一括ダウンロードから欠落)
2026-07-13,7077,取得失敗(理由不明・一括ダウンロードから欠落)
2026-07-13,7079,取得失敗(理由不明・一括ダウンロードから欠落)
2026-07-13,7081,取得失敗(理由不明・一括ダウンロードから欠落)
2026-07-13,7082,取得失敗(理由不明・一括ダウンロードから欠落)
2026-07-13,7087,取得失敗(理由不明・一括ダウンロードから欠落)
2026-07-13,7088,取得失敗(理由不明・一括ダウンロードから欠落)
2026-07-13,7089,取得失敗(理由不明・一括ダウンロードから欠落)
2026-07-13,7091,取得失敗(理由不明・一括ダウンロードから欠落)
2026-07-13,7092,取得失敗(理由不明・一括ダウンロードから欠落)
2026-07-13,7093,取得失敗(理由不明・一括ダウンロードから欠落)
2026-07-13,7094,取得失敗(理由不明・一括ダウンロードから欠落)
2026-07-13,7095,取得失敗(理由不明・一括ダウンロードから欠落)
2026-07-13,7096,取得失敗(理由不明・一括ダウンロードから欠落)
2026-07-13,7102,取得失敗(理由不明・一括ダウンロードから欠落)
2026-07-13,7105,取得失敗(理由不明・一括ダウンロードから欠落)
2026-07-13,7111,取得失敗(理由不明・一括ダウンロードから欠落)
2026-07-13,7112,取得失敗(理由不明・一括ダウンロードから欠落)
2026-07-13,7114,取得失敗(理由不明・一括ダウンロードから欠落)
2026-07-13,7116,取得失敗(理由不明・一括ダウンロードから欠落)
2026-07-13,7119,取得失敗(理由不明・一括ダウンロードから欠落)
2026-07-13,7130,取得失敗(理由不明・一括ダウンロードから欠落)
2026-07-13,7131,取得失敗(理由不明・一括ダウンロードから欠落)
2026-07-13,7133,取得失敗(理由不明・一括ダウンロードから欠落)
2026-07-13,7140,取得失敗(理由不明・一括ダウンロードから欠落)
2026-07-13,7161,取得失敗(理由不明・一括ダウンロードから欠落)
2026-07-13,7162,取得失敗(理由不明・一括ダウンロードから欠落)
2026-07-13,7177,取得失敗(理由不明・一括ダウンロードから欠落)
2026-07-13,7183,取得失敗(理由不明・一括ダウンロードから欠落)
2026-07-13,7184,取得失敗(理由不明・一括ダウンロードから欠落)
2026-07-13,7191,取得失敗(理由不明・一括ダウンロードから欠落)
2026-07-13,7205,取得失敗(理由不明・一括ダウンロードから欠落)
2026-07-13,7211,取得失敗(理由不明・一括ダウンロードから欠落)
2026-07-13,7212,取得失敗(理由不明・一括ダウンロードから欠落)
2026-07-13,7229,取得失敗(理由不明・一括ダウンロードから欠落)
2026-07-13,7250,取得失敗(理由不明・一括ダウンロードから欠落)
2026-07-13,7261,取得失敗(理由不明・一括ダウンロードから欠落)
2026-07-13,7265,取得失敗(理由不明・一括ダウンロードから欠落)
2026-07-13,7305,取得失敗(理由不明・一括ダウンロードから欠落)
2026-07-13,7414,取得失敗(理由不明・一括ダウンロードから欠落)
2026-07-13,7416,取得失敗(理由不明・一括ダウンロードから欠落)
2026-07-13,7417,取得失敗(理由不明・一括ダウンロードから欠落)
2026-07-13,7419,取得失敗(理由不明・一括ダウンロードから欠落)
2026-07-13,7420,取得失敗(理由不明・一括ダウンロードから欠落)
2026-07-13,7421,取得失敗(理由不明・一括ダウンロードから欠落)
2026-07-13,7422,取得失敗(理由不明・一括ダウンロードから欠落)
2026-07-13,7426,取得失敗(理由不明・一括ダウンロードから欠落)
2026-07-13,7427,取得失敗(理由不明・一括ダウンロードから欠落)
2026-07-13,7433,取得失敗(理由不明・一括ダウンロードから欠落)
2026-07-13,7434,取得失敗(理由不明・一括ダウンロードから欠落)
2026-07-13,7435,取得失敗(理由不明・一括ダウンロードから欠落)
2026-07-13,7438,取得失敗(理由不明・一括ダウンロードから欠落)
2026-07-13,7442,取得失敗(理由不明・一括ダウンロードから欠落)
2026-07-13,7443,取得失敗(理由不明・一括ダウンロードから欠落)
2026-07-13,7444,取得失敗(理由不明・一括ダウンロードから欠落)
2026-07-13,7445,取得失敗(理由不明・一括ダウンロードから欠落)
2026-07-13,7446,取得失敗(理由不明・一括ダウンロードから欠落)
2026-07-13,7447,取得失敗(理由不明・一括ダウンロードから欠落)
2026-07-13,7450,取得失敗(理由不明・一括ダウンロードから欠落)
2026-07-13,7455,取得失敗(理由不明・一括ダウンロードから欠落)
2026-07-13,7456,取得失敗(理由不明・一括ダウンロードから欠落)
2026-07-13,7458,取得失敗(理由不明・一括ダウンロードから欠落)
2026-07-13,7459,取得失敗(理由不明・一括ダウンロードから欠落)
2026-07-13,7460,取得失敗(理由不明・一括ダウンロードから欠落)
2026-07-13,7461,取得失敗(理由不明・一括ダウンロードから欠落)
2026-07-13,7462,取得失敗(理由不明・一括ダウンロードから欠落)
2026-07-13,7463,取得失敗(理由不明・一括ダウンロードから欠落)
2026-07-13,7464,取得失敗(理由不明・一括ダウンロードから欠落)
2026-07-13,7466,取得失敗(理由不明・一括ダウンロードから欠落)
2026-07-13,7467,取得失敗(理由不明・一括ダウンロードから欠落)
2026-07-13,7472,取得失敗(理由不明・一括ダウンロードから欠落)
2026-07-13,7475,取得失敗(理由不明・一括ダウンロードから欠落)
2026-07-13,7476,取得失敗(理由不明・一括ダウンロードから欠落)
2026-07-13,7477,取得失敗(理由不明・一括ダウンロードから欠落)
2026-07-13,7480,取得失敗(理由不明・一括ダウンロードから欠落)
2026-07-13,7481,取得失敗(理由不明・一括ダウンロードから欠落)
2026-07-13,7482,取得失敗(理由不明・一括ダウンロードから欠落)
2026-07-13,7483,取得失敗(理由不明・一括ダウンロードから欠落)
2026-07-13,7486,取得失敗(理由不明・一括ダウンロードから欠落)
2026-07-13,7487,取得失敗(理由不明・一括ダウンロードから欠落)
2026-07-13,7490,取得失敗(理由不明・一括ダウンロードから欠落)
2026-07-13,7494,取得失敗(理由不明・一括ダウンロードから欠落)
2026-07-13,7500,取得失敗(理由不明・一括ダウンロードから欠落)
2026-07-13,7501,取得失敗(理由不明・一括ダウンロードから欠落)
2026-07-13,7502,取得失敗(理由不明・一括ダウンロードから欠落)
2026-07-13,7504,取得失敗(理由不明・一括ダウンロードから欠落)
2026-07-13,7505,取得失敗(理由不明・一括ダウンロードから欠落)
2026-07-13,7606,取得失敗(理由不明・一括ダウンロードから欠落)
2026-07-13,7607,取得失敗(理由不明・一括ダウンロードから欠落)
2026-07-13,7613,取得失敗(理由不明・一括ダウンロードから欠落)
2026-07-13,7621,取得失敗(理由不明・一括ダウンロードから欠落)
2026-07-13,7624,取得失敗(理由不明・一括ダウンロードから欠落)
2026-07-13,7628,取得失敗(理由不明・一括ダウンロードから欠落)
2026-07-13,7635,取得失敗(理由不明・一括ダウンロードから欠落)
2026-07-13,7636,取得失敗(理由不明・一括ダウンロードから欠落)
2026-07-13,7638,取得失敗(理由不明・一括ダウンロードから欠落)
2026-07-13,7640,取得失敗(理由不明・一括ダウンロードから欠落)
2026-07-13,7643,取得失敗(理由不明・一括ダウンロードから欠落)
2026-07-13,7646,取得失敗(理由不明・一括ダウンロードから欠落)
2026-07-13,7649,取得失敗(理由不明・一括ダウンロードから欠落)
2026-07-13,7670,取得失敗(理由不明・一括ダウンロードから欠落)
2026-07-13,7673,取得失敗(理由不明・一括ダウンロードから欠落)
2026-07-13,7678,取得失敗(理由不明・一括ダウンロードから欠落)
2026-07-13,7679,取得失敗(理由不明・一括ダウンロードから欠落)
2026-07-13,7681,取得失敗(理由不明・一括ダウンロードから欠落)
2026-07-13,7683,取得失敗(理由不明・一括ダウンロードから欠落)
2026-07-13,7685,取得失敗(理由不明・一括ダウンロードから欠落)
2026-07-13,7686,取得失敗(理由不明・一括ダウンロードから欠落)
2026-07-13,7687,取得失敗(理由不明・一括ダウンロードから欠落)
2026-07-13,7689,取得失敗(理由不明・一括ダウンロードから欠落)
2026-07-13,7692,取得失敗(理由不明・一括ダウンロードから欠落)
2026-07-13,7694,取得失敗(理由不明・一括ダウンロードから欠落)
2026-07-13,7698,取得失敗(理由不明・一括ダウンロードから欠落)
2026-07-13,7709,取得失敗(理由不明・一括ダウンロードから欠落)
2026-07-13,7715,取得失敗(理由不明・一括ダウンロードから欠落)
2026-07-13,7717,取得失敗(理由不明・一括ダウンロードから欠落)
2026-07-13,7718,取得失敗(理由不明・一括ダウンロードから欠落)
2026-07-13,7719,取得失敗(理由不明・一括ダウンロードから欠落)
2026-07-13,7721,取得失敗(理由不明・一括ダウンロードから欠落)
2026-07-13,7722,取得失敗(理由不明・一括ダウンロードから欠落)
2026-07-13,7723,取得失敗(理由不明・一括ダウンロードから欠落)
2026-07-13,7725,取得失敗(理由不明・一括ダウンロードから欠落)
2026-07-13,7726,取得失敗(理由不明・一括ダウンロードから欠落)
2026-07-13,7727,取得失敗(理由不明・一括ダウンロードから欠落)
2026-07-13,7729,取得失敗(理由不明・一括ダウンロードから欠落)
2026-07-13,7730,取得失敗(理由不明・一括ダウンロードから欠落)
2026-07-13,7731,取得失敗(理由不明・一括ダウンロードから欠落)
2026-07-13,7732,取得失敗(理由不明・一括ダウンロードから欠落)
2026-07-13,7733,取得失敗(理由不明・一括ダウンロードから欠落)
2026-07-13,7734,取得失敗(理由不明・一括ダウンロードから欠落)
2026-07-13,7735,取得失敗(理由不明・一括ダウンロードから欠落)
2026-07-13,7739,取得失敗(理由不明・一括ダウンロードから欠落)
2026-07-13,7740,取得失敗(理由不明・一括ダウンロードから欠落)
2026-07-13,7741,取得失敗(理由不明・一括ダウンロードから欠落)
2026-07-13,7743,取得失敗(理由不明・一括ダウンロードから欠落)
2026-07-13,7744,取得失敗(理由不明・一括ダウンロードから欠落)
2026-07-13,7745,取得失敗(理由不明・一括ダウンロードから欠落)
2026-07-13,7746,取得失敗(理由不明・一括ダウンロードから欠落)
2026-07-13,7749,取得失敗(理由不明・一括ダウンロードから欠落)
2026-07-13,7751,取得失敗(理由不明・一括ダウンロードから欠落)
2026-07-13,7752,取得失敗(理由不明・一括ダウンロードから欠落)
2026-07-13,7760,取得失敗(理由不明・一括ダウンロードから欠落)
2026-07-13,7762,取得失敗(理由不明・一括ダウンロードから欠落)
2026-07-13,7769,取得失敗(理由不明・一括ダウンロードから欠落)
2026-07-13,7771,取得失敗(理由不明・一括ダウンロードから欠落)
2026-07-13,7774,取得失敗(理由不明・一括ダウンロードから欠落)
2026-07-13,7775,取得失敗(理由不明・一括ダウンロードから欠落)
2026-07-13,7776,取得失敗(理由不明・一括ダウンロードから欠落)
2026-07-13,7777,取得失敗(理由不明・一括ダウンロードから欠落)
2026-07-13,7779,取得失敗(理由不明・一括ダウンロードから欠落)
2026-07-13,7780,取得失敗(理由不明・一括ダウンロードから欠落)
2026-07-13,7781,取得失敗(理由不明・一括ダウンロードから欠落)
2026-07-13,7782,取得失敗(理由不明・一括ダウンロードから欠落)
2026-07-13,7791,取得失敗(理由不明・一括ダウンロードから欠落)
2026-07-13,7792,取得失敗(理由不明・一括ダウンロードから欠落)
2026-07-13,7793,取得失敗(理由不明・一括ダウンロードから欠落)
2026-07-13,7794,取得失敗(理由不明・一括ダウンロードから欠落)
2026-07-13,7795,取得失敗(理由不明・一括ダウンロードから欠落)
2026-07-13,7800,取得失敗(理由不明・一括ダウンロードから欠落)
2026-07-13,7803,取得失敗(理由不明・一括ダウンロードから欠落)
2026-07-13,7804,取得失敗(理由不明・一括ダウンロードから欠落)
2026-07-13,7805,取得失敗(理由不明・一括ダウンロードから欠落)
2026-07-13,7806,取得失敗(理由不明・一括ダウンロードから欠落)
2026-07-13,7807,取得失敗(理由不明・一括ダウンロードから欠落)
2026-07-13,7808,取得失敗(理由不明・一括ダウンロードから欠落)
2026-07-13,7812,取得失敗(理由不明・一括ダウンロードから欠落)
2026-07-13,7815,取得失敗(理由不明・一括ダウンロードから欠落)
2026-07-13,7817,取得失敗(理由不明・一括ダウンロードから欠落)
2026-07-13,7823,取得失敗(理由不明・一括ダウンロードから欠落)
2026-07-13,7832,取得失敗(理由不明・一括ダウンロードから欠落)
2026-07-13,7836,取得失敗(理由不明・一括ダウンロードから欠落)
2026-07-13,7840,取得失敗(理由不明・一括ダウンロードから欠落)
2026-07-13,7846,取得失敗(理由不明・一括ダウンロードから欠落)
2026-07-13,7847,取得失敗(理由不明・一括ダウンロードから欠落)
2026-07-13,7851,取得失敗(理由不明・一括ダウンロードから欠落)
2026-07-13,7856,取得失敗(理由不明・一括ダウンロードから欠落)
2026-07-13,7859,取得失敗(理由不明・一括ダウンロードから欠落)
2026-07-13,7863,取得失敗(理由不明・一括ダウンロードから欠落)
2026-07-13,7864,取得失敗(理由不明・一括ダウンロードから欠落)
2026-07-13,7867,取得失敗(理由不明・一括ダウンロードから欠落)
2026-07-13,7868,取得失敗(理由不明・一括ダウンロードから欠落)
2026-07-13,7875,取得失敗(理由不明・一括ダウンロードから欠落)
2026-07-13,7879,取得失敗(理由不明・一括ダウンロードから欠落)
2026-07-13,7885,取得失敗(理由不明・一括ダウンロードから欠落)
2026-07-13,7888,取得失敗(理由不明・一括ダウンロードから欠落)
2026-07-13,7893,取得失敗(理由不明・一括ダウンロードから欠落)
2026-07-13,7898,取得失敗(理由不明・一括ダウンロードから欠落)
2026-07-13,7901,取得失敗(理由不明・一括ダウンロードから欠落)
2026-07-13,7917,取得失敗(理由不明・一括ダウンロードから欠落)
2026-07-13,7922,取得失敗(理由不明・一括ダウンロードから欠落)
2026-07-13,7923,取得失敗(理由不明・一括ダウンロードから欠落)
2026-07-13,7925,取得失敗(理由不明・一括ダウンロードから欠落)
2026-07-13,7938,取得失敗(理由不明・一括ダウンロードから欠落)
2026-07-13,7952,取得失敗(理由不明・一括ダウンロードから欠落)
2026-07-13,7955,取得失敗(理由不明・一括ダウンロードから欠落)
2026-07-13,7972,取得失敗(理由不明・一括ダウンロードから欠落)
2026-07-13,7980,取得失敗(理由不明・一括ダウンロードから欠落)
2026-07-13,7985,取得失敗(理由不明・一括ダウンロードから欠落)
2026-07-13,7995,取得失敗(理由不明・一括ダウンロードから欠落)
2026-07-13,7999,取得失敗(理由不明・一括ダウンロードから欠落)
2026-07-13,8006,取得失敗(理由不明・一括ダウンロードから欠落)
2026-07-13,8030,取得失敗(理由不明・一括ダウンロードから欠落)
2026-07-13,8050,取得失敗(理由不明・一括ダウンロードから欠落)
2026-07-13,8056,取得失敗(理由不明・一括ダウンロードから欠落)
2026-07-13,8078,取得失敗(理由不明・一括ダウンロードから欠落)
2026-07-13,8086,取得失敗(理由不明・一括ダウンロードから欠落)
2026-07-13,8095,取得失敗(理由不明・一括ダウンロードから欠落)
2026-07-13,8105,取得失敗(理由不明・一括ダウンロードから欠落)
2026-07-13,8113,取得失敗(理由不明・一括ダウンロードから欠落)
2026-07-13,8194,取得失敗(理由不明・一括ダウンロードから欠落)
2026-07-13,8209,取得失敗(理由不明・一括ダウンロードから欠落)
2026-07-13,8252,取得失敗(理由不明・一括ダウンロードから欠落)
2026-07-13,8278,取得失敗(理由不明・一括ダウンロードから欠落)
2026-07-13,8362,取得失敗(理由不明・一括ダウンロードから欠落)
2026-07-13,8366,取得失敗(理由不明・一括ダウンロードから欠落)
2026-07-13,8368,取得失敗(理由不明・一括ダウンロードから欠落)
2026-07-13,8377,取得失敗(理由不明・一括ダウンロードから欠落)
2026-07-13,8381,取得失敗(理由不明・一括ダウンロードから欠落)
2026-07-13,8383,取得失敗(理由不明・一括ダウンロードから欠落)
2026-07-13,8386,取得失敗(理由不明・一括ダウンロードから欠落)
2026-07-13,8387,取得失敗(理由不明・一括ダウンロードから欠落)
2026-07-13,8392,取得失敗(理由不明・一括ダウンロードから欠落)
2026-07-13,8393,取得失敗(理由不明・一括ダウンロードから欠落)
2026-07-13,8395,取得失敗(理由不明・一括ダウンロードから欠落)
2026-07-13,8399,取得失敗(理由不明・一括ダウンロードから欠落)
2026-07-13,8410,取得失敗(理由不明・一括ダウンロードから欠落)
2026-07-13,8411,取得失敗(理由不明・一括ダウンロードから欠落)
2026-07-13,8416,取得失敗(理由不明・一括ダウンロードから欠落)
2026-07-13,8418,取得失敗(理由不明・一括ダウンロードから欠落)
2026-07-13,8424,取得失敗(理由不明・一括ダウンロードから欠落)
2026-07-13,8425,取得失敗(理由不明・一括ダウンロードから欠落)
2026-07-13,8439,取得失敗(理由不明・一括ダウンロードから欠落)
2026-07-13,8473,取得失敗(理由不明・一括ダウンロードから欠落)
2026-07-13,8508,取得失敗(理由不明・一括ダウンロードから欠落)
2026-07-13,8511,取得失敗(理由不明・一括ダウンロードから欠落)
2026-07-13,8515,取得失敗(理由不明・一括ダウンロードから欠落)
2026-07-13,8518,取得失敗(理由不明・一括ダウンロードから欠落)
2026-07-13,8522,取得失敗(理由不明・一括ダウンロードから欠落)
2026-07-13,8524,取得失敗(理由不明・一括ダウンロードから欠落)
2026-07-13,8541,取得失敗(理由不明・一括ダウンロードから欠落)
2026-07-13,8542,取得失敗(理由不明・一括ダウンロードから欠落)
2026-07-13,8544,取得失敗(理由不明・一括ダウンロードから欠落)
2026-07-13,8562,取得失敗(理由不明・一括ダウンロードから欠落)
2026-07-13,8563,取得失敗(理由不明・一括ダウンロードから欠落)
2026-07-13,8566,取得失敗(理由不明・一括ダウンロードから欠落)
2026-07-13,8570,取得失敗(理由不明・一括ダウンロードから欠落)
2026-07-13,8572,取得失敗(理由不明・一括ダウンロードから欠落)
2026-07-13,8584,取得失敗(理由不明・一括ダウンロードから欠落)
2026-07-13,8585,取得失敗(理由不明・一括ダウンロードから欠落)
2026-07-13,8591,取得失敗(理由不明・一括ダウンロードから欠落)
2026-07-13,8593,取得失敗(理由不明・一括ダウンロードから欠落)
2026-07-13,8595,取得失敗(理由不明・一括ダウンロードから欠落)
2026-07-13,8596,取得失敗(理由不明・一括ダウンロードから欠落)
2026-07-13,8600,取得失敗(理由不明・一括ダウンロードから欠落)
2026-07-13,8601,取得失敗(理由不明・一括ダウンロードから欠落)
2026-07-13,8604,取得失敗(理由不明・一括ダウンロードから欠落)
2026-07-13,8609,取得失敗(理由不明・一括ダウンロードから欠落)
2026-07-13,8613,取得失敗(理由不明・一括ダウンロードから欠落)
2026-07-13,8614,取得失敗(理由不明・一括ダウンロードから欠落)
2026-07-13,8616,取得失敗(理由不明・一括ダウンロードから欠落)
2026-07-13,8617,取得失敗(理由不明・一括ダウンロードから欠落)
2026-07-13,8622,取得失敗(理由不明・一括ダウンロードから欠落)
2026-07-13,8624,取得失敗(理由不明・一括ダウンロードから欠落)
2026-07-13,8628,取得失敗(理由不明・一括ダウンロードから欠落)
2026-07-13,8897,取得失敗(理由不明・一括ダウンロードから欠落)
2026-07-13,8898,取得失敗(理由不明・一括ダウンロードから欠落)
2026-07-13,8904,取得失敗(理由不明・一括ダウンロードから欠落)
2026-07-13,8912,取得失敗(理由不明・一括ダウンロードから欠落)
2026-07-13,8914,取得失敗(理由不明・一括ダウンロードから欠落)
2026-07-13,8918,取得失敗(理由不明・一括ダウンロードから欠落)
2026-07-13,8919,取得失敗(理由不明・一括ダウンロードから欠落)
2026-07-13,8923,取得失敗(理由不明・一括ダウンロードから欠落)
2026-07-13,8927,取得失敗(理由不明・一括ダウンロードから欠落)
2026-07-13,8928,取得失敗(理由不明・一括ダウンロードから欠落)
2026-07-13,8934,取得失敗(理由不明・一括ダウンロードから欠落)
2026-07-13,8935,取得失敗(理由不明・一括ダウンロードから欠落)
2026-07-13,8938,取得失敗(理由不明・一括ダウンロードから欠落)
2026-07-13,8940,取得失敗(理由不明・一括ダウンロードから欠落)
2026-07-13,8944,取得失敗(理由不明・一括ダウンロードから欠落)
2026-07-13,8945,取得失敗(理由不明・一括ダウンロードから欠落)
2026-07-13,8995,取得失敗(理由不明・一括ダウンロードから欠落)
2026-07-13,8999,取得失敗(理由不明・一括ダウンロードから欠落)
2026-07-13,9001,取得失敗(理由不明・一括ダウンロードから欠落)
2026-07-13,9003,取得失敗(理由不明・一括ダウンロードから欠落)
2026-07-13,9005,取得失敗(理由不明・一括ダウンロードから欠落)
2026-07-13,9006,取得失敗(理由不明・一括ダウンロードから欠落)
2026-07-13,9007,取得失敗(理由不明・一括ダウンロードから欠落)
2026-07-13,9012,取得失敗(理由不明・一括ダウンロードから欠落)
2026-07-13,9020,取得失敗(理由不明・一括ダウンロードから欠落)
2026-07-13,9028,取得失敗(理由不明・一括ダウンロードから欠落)
2026-07-13,9029,取得失敗(理由不明・一括ダウンロードから欠落)
2026-07-13,9036,取得失敗(理由不明・一括ダウンロードから欠落)
2026-07-13,9041,取得失敗(理由不明・一括ダウンロードから欠落)
2026-07-13,9044,取得失敗(理由不明・一括ダウンロードから欠落)
2026-07-13,9067,取得失敗(理由不明・一括ダウンロードから欠落)
2026-07-13,9338,取得失敗(理由不明・一括ダウンロードから欠落)
2026-07-13,9339,取得失敗(理由不明・一括ダウンロードから欠落)
2026-07-13,9342,取得失敗(理由不明・一括ダウンロードから欠落)
2026-07-13,9346,取得失敗(理由不明・一括ダウンロードから欠落)
2026-07-13,9355,取得失敗(理由不明・一括ダウンロードから欠落)
2026-07-13,9360,取得失敗(理由不明・一括ダウンロードから欠落)
2026-07-13,9361,取得失敗(理由不明・一括ダウンロードから欠落)
2026-07-13,9386,取得失敗(理由不明・一括ダウンロードから欠落)
2026-07-13,9404,取得失敗(理由不明・一括ダウンロードから欠落)
2026-07-13,9412,取得失敗(理由不明・一括ダウンロードから欠落)
2026-07-13,9413,取得失敗(理由不明・一括ダウンロードから欠落)
2026-07-13,9416,取得失敗(理由不明・一括ダウンロードから欠落)
2026-07-13,9433,取得失敗(理由不明・一括ダウンロードから欠落)
2026-07-13,94346,取得失敗(理由不明・一括ダウンロードから欠落)
2026-07-13,9436,取得失敗(理由不明・一括ダウンロードから欠落)
2026-07-13,9444,取得失敗(理由不明・一括ダウンロードから欠落)
2026-07-13,9445,取得失敗(理由不明・一括ダウンロードから欠落)
2026-07-13,9450,取得失敗(理由不明・一括ダウンロードから欠落)
2026-07-13,9468,取得失敗(理由不明・一括ダウンロードから欠落)
2026-07-13,9470,取得失敗(理由不明・一括ダウンロードから欠落)
2026-07-13,9474,取得失敗(理由不明・一括ダウンロードから欠落)
2026-07-13,9476,取得失敗(理由不明・一括ダウンロードから欠落)
2026-07-13,9507,取得失敗(理由不明・一括ダウンロードから欠落)
2026-07-13,9511,取得失敗(理由不明・一括ダウンロードから欠落)
2026-07-13,9513,取得失敗(理由不明・一括ダウンロードから欠落)
2026-07-13,9517,取得失敗(理由不明・一括ダウンロードから欠落)
2026-07-13,9532,取得失敗(理由不明・一括ダウンロードから欠落)
2026-07-13,9533,取得失敗(理由不明・一括ダウンロードから欠落)
2026-07-13,9534,取得失敗(理由不明・一括ダウンロードから欠落)
2026-07-13,9535,取得失敗(理由不明・一括ダウンロードから欠落)
2026-07-13,9553,取得失敗(理由不明・一括ダウンロードから欠落)
2026-07-13,9554,取得失敗(理由不明・一括ダウンロードから欠落)
2026-07-13,9556,取得失敗(理由不明・一括ダウンロードから欠落)
2026-07-13,9564,取得失敗(理由不明・一括ダウンロードから欠落)
2026-07-13,9600,取得失敗(理由不明・一括ダウンロードから欠落)
2026-07-13,9605,取得失敗(理由不明・一括ダウンロードから欠落)
2026-07-13,9612,取得失敗(理由不明・一括ダウンロードから欠落)
2026-07-13,9619,取得失敗(理由不明・一括ダウンロードから欠落)
2026-07-13,9622,取得失敗(理由不明・一括ダウンロードから欠落)
2026-07-13,9627,取得失敗(理由不明・一括ダウンロードから欠落)
2026-07-13,9633,取得失敗(理由不明・一括ダウンロードから欠落)
2026-07-13,9635,取得失敗(理由不明・一括ダウンロードから欠落)
2026-07-13,9656,取得失敗(理由不明・一括ダウンロードから欠落)
2026-07-13,9658,取得失敗(理由不明・一括ダウンロードから欠落)
2026-07-13,9678,取得失敗(理由不明・一括ダウンロードから欠落)
2026-07-13,9679,取得失敗(理由不明・一括ダウンロードから欠落)
2026-07-13,9684,取得失敗(理由不明・一括ダウンロードから欠落)
2026-07-13,9686,取得失敗(理由不明・一括ダウンロードから欠落)
2026-07-13,9691,取得失敗(理由不明・一括ダウンロードから欠落)
2026-07-13,9698,取得失敗(理由不明・一括ダウンロードから欠落)
2026-07-13,9699,取得失敗(理由不明・一括ダウンロードから欠落)
2026-07-13,9702,取得失敗(理由不明・一括ダウンロードから欠落)
2026-07-13,9709,取得失敗(理由不明・一括ダウンロードから欠落)
2026-07-13,9719,取得失敗(理由不明・一括ダウンロードから欠落)
2026-07-13,9722,取得失敗(理由不明・一括ダウンロードから欠落)
2026-07-13,9723,取得失敗(理由不明・一括ダウンロードから欠落)
2026-07-13,9726,取得失敗(理由不明・一括ダウンロードから欠落)
2026-07-13,9731,取得失敗(理由不明・一括ダウンロードから欠落)
2026-07-13,9733,取得失敗(理由不明・一括ダウンロードから欠落)
2026-07-13,9735,取得失敗(理由不明・一括ダウンロードから欠落)
2026-07-13,9742,取得失敗(理由不明・一括ダウンロードから欠落)
2026-07-13,9746,取得失敗(理由不明・一括ダウンロードから欠落)
2026-07-13,9753,取得失敗(理由不明・一括ダウンロードから欠落)
2026-07-13,9755,取得失敗(理由不明・一括ダウンロードから欠落)
2026-07-13,9757,取得失敗(理由不明・一括ダウンロードから欠落)
2026-07-13,9761,取得失敗(理由不明・一括ダウンロードから欠落)
2026-07-13,9765,取得失敗(理由不明・一括ダウンロードから欠落)
2026-07-13,9766,取得失敗(理由不明・一括ダウンロードから欠落)
2026-07-13,9769,取得失敗(理由不明・一括ダウンロードから欠落)
2026-07-13,9776,取得失敗(理由不明・一括ダウンロードから欠落)
2026-07-13,9778,取得失敗(理由不明・一括ダウンロードから欠落)
2026-07-13,9780,取得失敗(理由不明・一括ダウンロードから欠落)
2026-07-13,9782,取得失敗(理由不明・一括ダウンロードから欠落)
2026-07-13,9788,取得失敗(理由不明・一括ダウンロードから欠落)
2026-07-13,9791,取得失敗(理由不明・一括ダウンロードから欠落)
2026-07-13,9793,取得失敗(理由不明・一括ダウンロードから欠落)
2026-07-13,9820,取得失敗(理由不明・一括ダウンロードから欠落)
2026-07-13,9827,取得失敗(理由不明・一括ダウンロードから欠落)
2026-07-13,9830,取得失敗(理由不明・一括ダウンロードから欠落)
2026-07-13,9832,取得失敗(理由不明・一括ダウンロードから欠落)
2026-07-13,9835,取得失敗(理由不明・一括ダウンロードから欠落)
2026-07-13,9914,取得失敗(理由不明・一括ダウンロードから欠落)
2026-07-13,9927,取得失敗(理由不明・一括ダウンロードから欠落)
